자치구,사업구분,사업장명,대표지번,진행단계,lat,lng
마포구,재개발(도시정비형),마포로3구역제3지구 도시환경정비사업조합,아현동 613-10,착공,37.5505624,126.9525116
마포구,재개발(주택정비형),아현3구역 주택재개발정비사업 조합(뉴타운),아현동 635,조합해산,37.5505624,126.9525116
마포구,재개발(주택정비형),염리5구역 주택재개발 조합설립추진위원회(뉴타운),염리동 105,추진위원회승인,37.54914,126.94915
마포구,재개발(주택정비형),염리제3구역주택재개발정비사업조합(뉴타운),염리동 507,조합해산,37.5501812,126.9479037
양천구,재건축,신월4동431번지일대 주택재건축정비사업조합,신월동 432-6,이전고시,37.52782,126.83692
강서구,재건축,유풍연립주택재건축정비사업조합설립추진위원회,화곡동 1040-24,추진위원회승인,37.54208,126.84656
강서구,재건축,태원연립주택재건축정비사업조합,등촌동 651,이전고시,37.5498936,126.86025
강서구,재건축,긴등마을주택재건축정비사업조합,마곡동 725-1,준공인가,37.566575,126.826243
구로구,재건축,개봉3 재건축정비사업조합,개봉동 454-14,조합설립인가,37.4931629,126.851736
구로구,재건축,개봉5구역 주택재건축정비사업조합,개봉동 68-64,착공,37.4931629,126.851736
영등포구,재개발(도시정비형),영등포1-2재정비촉진구역 도시환경정비사업 조합,영등포동7가 76-5,사업시행인가,37.5236083,126.9038853
영등포구,재개발(도시정비형),67. 양평제10구역 도시환경정비사업 조합설립추진위원회,양평동1가 9-6,추진위원회승인,37.52309,126.88868
중랑구,가로주택정비,망우동 509의1 가로주택정비사업,망우동 509-1,조합설립인가,37.60178,127.1054
강동구,소규모재건축,고덕대우아파트 소규모재건축사업,고덕동 470,조합설립인가,37.56528,127.15761
강동구,재개발(주택정비형),천호 A1-1구역 공공재개발 정비사업 주민대표회의,천호동 467-61,조합설립인가,37.54294,127.12733
성북구,가로주택정비,석관2의2구역 가로주택정비사업,석관동 332-336,조합설립인가,37.60789,127.06116
양천구,재건축,목동13단지아파트 재건축정비사업,신정동 327,조합설립인가,37.5162407,126.8521196
영등포구,재개발(주택정비형),신길16-2구역 주택재개발,신길동 314-14,정비계획 수립,37.5065214,126.9119108
성북구,재개발(주택정비형),하월곡1구역 주택정비형 재개발사업,하월곡동 70-1,추진위원회승인,37.60444,127.03764
관악구,재개발(주택정비형),신림6구역 재개발정비사업,신림동 419,정비계획 수립,37.4868971,126.928177
중랑구,재개발(도시정비형),(임시) 사가정역세권 도시정비형 재개발사업,면목동 572-1,정비계획 수립,37.58178,127.09034
양천구,가로주택정비,신월1동 144-20번지 일원 가로주택정비사업조합(신월1동 모아타운 1구역),신월동 144-20,조합설립인가,37.52782,126.83692
동작구,소규모재건축,극동강변소규모재건축정비사업조합,본동 148-2,조합설립인가,37.51337,126.95477
은평구,재건축,불광미성아파트 주택재건축정비사업,불광동 248,정비계획 수립,37.6160647,126.9339579
도봉구,재개발(주택정비형),쌍문2구역(쌍문동 81번지 일대) 주택정비형 재개발사업,쌍문동 81,정비계획 수립,37.65347,127.02715
동작구,재개발(주택정비형),사당17구역 주택정비형 재개발사업,사당동 63-1,추진위원회승인,37.4856963,126.9723525
도봉구,재개발(주택정비형),방학동 638일대 주택정비형 재개발사업,방학동 638,정비계획 수립,37.66442,127.03333
도봉구,재개발(주택정비형),방학동 641일대 주택정비형 재개발사업,방학동 641,정비계획 수립,37.66442,127.03333
종로구,재개발(주택정비형),창신동629번지 일대 주택정비형 재개발정비사업,창신동 629,정비계획 수립,37.57595,127.01313
중랑구,재개발(주택정비형),면목9구역 공공재개발정비사업,면목동 527,조합설립인가,37.58178,127.09034
영등포구,재개발(주택정비형),신길5재정비촉진구역 주택재개발정비사업조합,신길동 1583-1,조합해산,37.5065214,126.9119108
영등포구,재건축,유원제일1차아파트 주택재건축정비사업조합,당산동4가 91,착공,37.52915,126.89894
영등포구,재건축,남성아파트 주택재건축정비사업조합,문래동2가 35,사업시행인가,37.5128036,126.8929788
영등포구,재건축,미성아파트 주택재건축정비사업 조합설립추진위원회,여의도동 37,추진위원회승인,37.5229205,126.924209
영등포구,재개발(도시정비형),영등포1-4재정비촉진구역 도시환경정비사업조합,영등포동7가 145-8,조합청산,37.5235961,126.9113358
종로구,재개발(주택정비형),신영제1구역 주택재개발정비사업조합,신영동 158-2,철거,37.60277,126.9616
종로구,재건축,무악연립제2주택재건축정비사업조합,무악동 71-1,조합청산,37.57672,126.95812
종로구,재개발(도시정비형),내자동 도시환경정비사업 조합설립추진위원회,내자동 81,추진위원회승인,37.57522,126.97146
중구,재개발(주택정비형),신당제11주택재개발정비사업조합,신당동 85,조합해산,37.5616728,127.0185475
중구,재개발(주택정비형),만리제2주택재개발정비사업조합,만리동2가 176-1,조합해산,37.5542952,126.9640392
중구,재개발(주택정비형),신당제8구역 재개발정비사업조합,신당동 321-1,관리처분인가,37.5651969,127.01322
중구,재개발(도시정비형),마포로5-10구역도시환경정비사업조합설립추진위원회,중림동 186-1,추진위원회승인,37.5567609,126.9663037
용산구,재건축,후암동제1구역 주택재건축정비사업 조합설립추진위원회,후암동 142-4,추진위원회승인,37.55011,126.98028
용산구,재건축,왕궁아파트 주택재건축 정비사업조합,이촌동 300-11,조합설립인가,37.52086,126.96612
동작구,재개발(도시정비형),신대방역세권 재개발정비사업조합,신대방동 600-14,조합설립인가,37.4955756,126.9195788
송파구,재개발(주택정비형),거여2재정비촉진구역제2지구 주택재개발정비사업조합,거여동 234,조합해산,37.4854663,127.1418383
동대문구,재건축,뉴장안연립 주택재건축정비사업 조합,장안동 435-4,이전고시,37.57105,127.06806
동대문구,재개발(주택정비형),청량리제6구역주택재개발정비사업조합,청량리동 205,사업시행인가,37.5882073,127.0462518
동대문구,재개발(주택정비형),답십리제14구역주택재개발정비사업조합,답십리동 25,조합해산,37.57002,127.05467
영등포구,소규모재건축,당산현대2차아파트 소규모재건축정비사업조합,당산동4가 92,관리처분인가,37.52915,126.89894
강북구,가로주택정비,번동 3구역 가로주택 정비사업 조합,번동 430-27,사업시행인가,37.62929,127.03684
강북구,가로주택정비,번동 5구역 가로주택 정비사업 조합,번동 427-63,사업시행인가,37.62929,127.03684
서초구,재건축,강남원효성빌라 재건축정비사업조합,반포동 591-1,조합설립인가,37.50312,127.0014
동대문구,재개발(주택정비형),용두제6구역 주택재개발정비사업조합,용두동 753-9,조합해산,37.57616,127.03476
동대문구,재개발(주택정비형),휘경2재정비촉진구역 주택재개발정비사업조합,휘경동 128-12,조합해산,37.58773,127.06526
동대문구,재개발(주택정비형),이문1재정비촉진구역 주택재개발정비사업조합,이문동 257-42,분양,37.60021,127.06124
동대문구,재개발(주택정비형),휘경3재정비촉진구역 주택재개발정비사업조합,휘경동 172,준공인가,37.58773,127.06526
동대문구,재개발(주택정비형),전농8구역주택재개발정비사업조합,전농동 204,조합설립인가,37.5806,127.05543
동대문구,재개발(도시정비형),전농도시환경정비사업조합,전농동 494,사업시행인가,37.5806,127.05543
동대문구,재개발(주택정비형),전농제12구역 재개발정비사업조합,전농동 643,조합설립인가,37.5806,127.05543
노원구,소규모재건축,대명아파트 소규모재건축정비사업위원회,공릉동 270-71,착공,37.63021,127.08818
성북구,가로주택정비,가칭)장위11-8구역 가로주택정비사업 준비위원회,장위동 68-274,추진위원회승인,37.6099135,127.0460782
중구,재개발(주택정비형),신당10구역주택재개발정비사업조합,신당동 236-100,조합설립인가,,
영등포구,재건축,여의도시범아파트주택재건축정비사업(신탁방식-한국자산신탁),여의도동 50,조합설립인가,,
양천구,재건축,신정수정아파트 재건축정비사업,신정동 733-31,관리처분인가,,
성북구,재개발(주택정비형),돈암·정릉구역 주택재개발정비사업 조합,돈암동 535-54,조합청산,,
성북구,재개발(주택정비형),돈암제5구역 주택재개발정비사업조합,돈암동 13-7,조합해산,,
성북구,재개발(주택정비형),보문제3구역 주택재개발정비사업조합,보문동6가 207,조합청산,,
관악구,재개발(주택정비형),신림1재정비촉진구역 재개발정비사업조합,신림동 808,사업시행인가,,
성북구,재개발(주택정비형),석관제3구역 주택재개발정비사업조합,석관동 338-540,조합해산,,
성북구,재개발(주택정비형),보문제5구역 주택재개발정비사업조합,보문동1가 196-11,착공,,
성북구,재개발(주택정비형),삼선제5구역 주택재개발정비사업조합,삼선동2가 296,분양,,
성북구,재건축,안암제1구역 주택재건축정비사업조합,안암동3가 136-1,조합설립인가,,
성북구,재개발(주택정비형),정릉길음제9구역 주택재개발정비사업조합,정릉동 10,조합해산,,
성북구,재개발(주택정비형),장위14구역 주택재개발정비사업조합,장위동 233-552,조합설립인가,,
성북구,재개발(주택정비형),보문제4구역 주택재개발정비사업조합,보문동3가 225,조합해산,,
광진구,소규모재건축,중곡동 대원빌라 소규모재건축,중곡동 18-16,조합설립인가,,
영등포구,지역주택,(가칭)신길5동지역주택조합추진위원회,신길동 355-105,,,
강북구,재개발(도시정비형),강북7구역(예정) 도시정비형 재개발사업,미아동 60-5,정비계획 수립,,
강북구,재개발(도시정비형),강북3구역 도시환경정비사업 조합설립추진위원회,미아동 45-32,추진위원회승인,,
강북구,재건축,수유제1-1구역 주택재건축정비사업 조합설립추진위원회,수유동 472-81,추진위원회승인,,
금천구,재건축,시흥동 남서울 럭키아파트 재건축 예정구역,시흥동 1002-2,정비계획 수립,,
용산구,재개발(주택정비형),한남 제3재정비촉진구역 주택재개발정비사업 조합,한남동 686,철거,,
용산구,재개발(주택정비형),한남5재정비촉진구역 주택재개발정비사업 조합,동빙고동 60,조합설립인가,,
중랑구,재개발(주택정비형),중화1재정비촉진구역 주택재개발정비사업 조합,중화동 331-1,준공인가,,
강동구,재건축,성내미주아파트 주택재건축정비사업조합,성내동 547-1,이전고시,,
강동구,재건축,선화연립 주택재건축정비사업조합,성내동 405-9,이전고시,,
강동구,재건축,고덕주공2단지아파트 주택재건축정비사업조합,고덕동 212,조합청산,,
강동구,재건축,고덕주공4단지아파트 주택재건축정비사업조합 청산위원회,상일동 134,조합해산,,
강동구,재건축,고덕주공5단지아파트 주택재건축정비사업조합,상일동 131,조합청산,,
강남구,재건축,대성연립주택재건축정비사업조합,논현동 191-4,조합설립인가,,
영등포구,재건축,78. 유원제일2차아파트 재건축정비사업,당산동5가 7-2,정비계획 수립,,
구로구,재건축,구로동440번지일대(보광아파트)재건축정비사업조합,구로동 440,사업시행인가,,
서초구,재건축,삼호가든5차아파트 재건축정비사업조합,반포동 30-1,조합설립인가,,
서초구,재건축,신반포27차아파트 주택재건축정비사업조합,잠원동 56-2,관리처분인가,,
강동구,재건축,고덕주공6단지아파트 주택재건축정비사업조합,상일동 124,조합해산,,
강동구,재건축,현대연립 주택재건축정비사업조합,둔촌동 513-1,이전고시,,
강동구,재건축,풍전연립 주택재건축정비사업조합,천호동 28-32,이전고시,,
강동구,재건축,목화연립 주택재건축정비사업조합,성내동 209,사업시행인가,,
강동구,재개발(도시정비형),천호1 도시환경정비사업조합,천호동 423-200,준공인가,,
강동구,재건축,고덕주공3단지아파트 주택재건축정비사업조합,상일동 121,조합청산,,
강동구,재건축,고덕주공7단지아파트 주택재건축정비사업조합,상일동 187,조합청산,,
서대문구,재개발(도시정비형),가재울8 재정비촉진구역 재개발정비사업조합,남가좌동 289-54,준공인가,,
광진구,재건축,자양아파트 주택재건축정비사업 조합,자양동 658-14,이전고시,,
서초구,재건축,신반포18차24차 주택재건축정비사업조합,잠원동 52,조합청산,,
동대문구,재개발(주택정비형),신설제1구역 공공재개발정비사업 ,신설동 92-5,사업시행인가,,
서대문구,재건축,연희1주택재건축정비사업조합,연희동 711,조합해산,,
동대문구,재개발(주택정비형),청량리제8구역 주택재개발정비사업조합,청량리동 435,관리처분인가,,
송파구,재건축,가락시영아파트 주택재건축정비사업 조합,가락동 479,조합해산,,
용산구,재건축,강변강서아파트 주택재건축 정비사업조합,이촌동 193-3,조합설립인가,,
강북구,소규모재건축,삼흥연립주택 재건축정비사업조합,수유동 486-2,사업시행인가,,
강동구,재건축,삼익그린2차 주택재건축정비사업 조합,명일동 15,조합설립인가,,
중랑구,지역주택,(가칭)면목2동지역주택조합,면목동 192,조합창립총회,,
서대문구,소규모재건축,서강빌라 소규모재건축정비사업,홍제동 90-6,조합설립인가,,
동작구,지역주택,(가칭)사당2동 지역주택조합 추진위원회,사당동 57-18,,,
성북구,가로주택정비,종암동 112번지 일대 가로주택정비사업,종암동 112-37,조합설립인가,,
동대문구,재개발(주택정비형),전농제11구역 주택재개발정비사업조합,전농동 518,조합청산,,
중랑구,재개발(주택정비형),중화2재정비촉진구역 주택재개발정비사업,중화동 329-38,정비구역지정,,
성북구,재개발(주택정비형),보문제2구역 주택재개발정비사업조합,보문동1가 60-28,준공인가,,
동대문구,재개발(주택정비형),청량리제7구역 주택재개발정비사업조합,청량리동 199,착공,,
강북구,재건축,미아제4-1구역 주택재건축정비사업 조합,미아동 8-373,조합설립인가,,
성북구,재개발(주택정비형),동선제2구역 주택재개발정비사업조합,동선동4가 304-2,관리처분인가,,
영등포구,재건축,신길13재정비촉진구역,신길동 340-1,사업시행인가,,
동작구,재개발(주택정비형),흑석9재정비촉진구역 조합,흑석동 90,착공,,
용산구,재개발(도시정비형),동자동 제4구역 도시환경정비사업조합,동자동 36-17,조합청산,,
강북구,재개발(주택정비형),미아제11구역 재개발정비사업조합,미아동 791-108,조합설립인가,,
노원구,재건축,월계2(인덕마을) 주택재건축정비사업조합,월계동 633-31,조합해산,,
노원구,재개발(주택정비형),상계4재정비촉진구역 주택재개발정비사업 조합,상계동 85-33,조합해산,,
노원구,재개발(주택정비형),상계1재정비촉진구역 주택재개발정비사업 조합,상계동 자력6구역 8블럭 9롯트,관리처분인가,,
노원구,재개발(주택정비형),상계6재정비촉진구역 주택재개발정비사업 조합,상계동 95-3,준공인가,,
은평구,재개발(주택정비형),응암제10구역주택재개발정비사업조합,응암동 419,조합청산,,
은평구,재개발(주택정비형),녹번제1구역3지구주택재개발정비사업조합,녹번동 4,조합청산,,
서대문구,재개발(주택정비형),영천구역주택재개발정비사업조합,영천동 69-20,착공,,
서대문구,재건축,북가좌제6구역 주택재건축정비사업조합,북가좌동 372-1,조합설립인가,,
서대문구,재개발(주택정비형),북아현 1 - 2 재정비촉진구역 주택재개발 정비사업조합,북아현동 174,조합청산,,
서대문구,재개발(주택정비형),북아현 1-3 재정비촉진구역 주택재개발 정비사업조합,북아현동 149,조합해산,,
서대문구,재개발(주택정비형),북아현 3 재정비촉진구역 주택재개발 정비사업조합,북아현동 3-66,사업시행인가,,
서대문구,재건축,남가좌동 제1구역주택재건축정비사업조합,남가좌동 369-10,조합청산,,
서대문구,재개발(주택정비형),북아현 2 재정비촉진구역 주택재개발 정비사업조합,북아현동 520,사업시행인가,,
서대문구,재개발(주택정비형),홍제 제2구역 주택재개발정비사업조합,홍제동 156,조합해산,,
서대문구,재건축,홍은제1주택재건축정비사업조합,홍은동 104-4,이전고시,,
강동구,재건축,삼익파크아파트 재건축사업조합,길동 54,사업시행인가,,
송파구,소규모재건축,가락현대5차아파트 소규모재건축정비사업조합,가락동 161-3,착공,,
중랑구,재건축,면목1 주택재건축정비사업조합,면목동 520-19,조합청산,,
영등포구,재건축,신길10재정비촉진구역 주택재건축정비사업 사업시행자(한국토지신탁),신길동 3590,관리처분인가,,
영등포구,재건축,여의도 목화아파트 주택재건축정비사업조합,여의도동 30,조합설립인가,,
강서구,재건축,등마루아파트 주택재건축정비사업 조합,염창동 275-5,관리처분인가,,
성동구,재개발(주택정비형),금호제19구역 주택재개발정비사업조합,금호동2가 900,조합해산,,
광진구,지역주택,(가칭)한강광장 지역주택조합 추진위원회,광장동 332-9,조합원 모집신고,,
도봉구,가로주택정비,창동 501-13번지 일원 가로주택정비사업,창동 501-13,조합설립인가,,
서초구,가로주택정비,방배동 도구머리공원 방배빌라 등 가로주택정비사업,방배동 980-36,조합설립인가,,
성북구,소규모재건축,정릉스카이연립 소규모재건축정비사업,정릉동 670-24,조합설립인가,,
성북구,가로주택정비,성북동300-5번지일대 가로주택정비사업조합,성북동 300-5,조합설립인가,,
은평구,재개발(도시정비형),독바위 장기전세주택 건립,불광동 227-7,정비구역지정,,
마포구,재개발(주택정비형),공덕7구역 주택정비형 재개발사업,공덕동 115-97,조합설립인가,,
동대문구,재개발(주택정비형),청량리제9구역 주택정비형 재개발사업,청량리동 19,추진위원회승인,,
성북구,가로주택정비,정릉동 545-12번지 일대 가로주택정비사업,정릉동 545-12,조합설립인가,,
성동구,재개발(주택정비형),마장동382번지 일대 재개발정비사업,마장동 382,정비계획 수립,,
성동구,재건축,성수제1구역주택재건축정비사업조합,성수동1가 656-1267,조합설립인가,,
성동구,재개발(주택정비형),왕십리뉴타운 제2구역 주택재개발정비사업조합,상왕십리동 12-37,조합해산,,
성동구,재개발(주택정비형),금호제14-1구역 주택재개발정비사업조합,금호동4가 480,조합해산,,
성동구,재개발(주택정비형),금호제17구역 주택재개발정비사업조합,금호동2가 566,조합청산,,
성북구,가로주택정비,장위13의8구역 가로주택정비사업,장위동 219-114,조합설립인가,,
성북구,가로주택정비,대광빌라 가로주택정비사업,안암동3가 54,조합설립인가,,
강북구,가로주택정비,번동2-2구역 가로주택정비사업,번동 458-2,조합설립인가,,
영등포구,재건축,여의도 한양아파트 재건축정비사업,여의도동 42,사업시행인가,,
용산구,재개발(주택정비형),청파제2구역주택재개발정비사업 (신속통합기획),청파동1가 89-18,정비구역지정,,
종로구,재개발(도시정비형),창신 1-6구역 도시정비형 재개발사업,창신동 459-12,조합설립인가,,
영등포구,가로주택정비,신길동 4377 일원 가로주택정비사업조합,신길동 4377,관리처분인가,,
서대문구,가로주택정비,홍은동11-360번지 일원 가로주택정비사업조합,홍은동 11-360,조합설립인가,,
중랑구,가로주택정비,면목역5구역 가로주택정비사업,면목동 100-38,조합해산,,
송파구,가로주택정비,가락현대6차아파트 가로주택정비사업,가락동 55,조합설립인가,,
구로구,가로주택정비,고척동241-11번지일대 가로주택정비사업,고척동 241-11,조합설립인가,,
강서구,소규모재건축,보성연립 소규모재건축사업조합,화곡동 359-124,조합설립인가,,
강서구,재개발(주택정비형),방화2재정비촉진구역 재개발정비사업,방화동 589-13,조합설립인가,,
금천구,가로주택정비,시흥동 920번지 일원 가로주택정비사업,시흥동 920-13,조합설립인가,,
송파구,소규모재건축,유천연립 소규모재건축정비사업조합,풍납동 147-1,조합설립인가,,
성동구,재개발(주택정비형),금호제16구역주택재개발정비사업조합,금호동2가 501-31,관리처분인가,,
성동구,재개발(주택정비형),금호제13구역 주택재개발정비사업조합,금호동2가 200,조합해산,,
성동구,재개발(주택정비형),왕십리뉴타운제1구역 주택재개발정비사업조합,하왕십리동 339-67,조합해산,,
성동구,재개발(주택정비형),왕십리뉴타운 제3구역 주택재개발정비사업조합,하왕십리동 700,조합해산,,
성동구,재개발(주택정비형),하왕제1-5구역주택재개발정비사업조합,하왕십리동 999,조합해산,,
광진구,재건축,자양제7구역 주택재건축정비사업 조합,자양동 464-40,조합설립인가,,
광진구,재건축,자양1주택재건축정비사업조합,자양동 236,준공인가,,
광진구,재건축,구의맨션 주택재건축정비사업 조합,구의동 227-3,이전고시,,
금천구,재건축,시흥동 현대아파트 재건축정비사업,시흥동 220-2,착공,,
강북구,가로주택정비,번동1구역 가로주택정비사업조합,번동 429-114,사업시행인가,,
강동구,재건축,삼익맨숀아파트 재건축정비사업조합,명일동 270,조합설립인가,,
영등포구,재건축,삼부아파트 주택재건축정비사업조합설립추진위원회,여의도동 30-2,추진위원회승인,,
노원구,재건축,상계주공5단지 재건축정비사업,상계동 721,사업시행인가,,
동작구,재개발(주택정비형),노량진제1구역 주택재개발 조합,노량진동 122-37,이전고시,,
동작구,재개발(주택정비형),흑석1재정비촉진구역 재개발정비사업조합,흑석동 43-7,조합설립인가,,
관악구,재개발(주택정비형),봉천 제13구역 주택재개발정비사업 조합설립추진위원회,봉천동 913-1,추진위원회승인,,
관악구,재건축,경성연립 주택재건축정비사업 조합,남현동 1079-13,준공인가,,
관악구,재개발(주택정비형),봉천제4-1-2구역 주택재개발정비사업 조합,봉천동 산 101,분양,,
관악구,재건축,강남아파트 재건축정비사업 조합,신림동 1644,이전고시,,
관악구,재건축,삼우주택재건축정비사업조합,봉천동 1598-10,준공인가,,
관악구,재개발(주택정비형),신림3재정비촉진구역 주택재개발정비사업조합,신림동 316-55,준공인가,,
관악구,재건축,"뉴서울아파트, 개나리,열망연립 재건축정비사업",신림동 739,사업시행인가,,
서초구,재건축,방배신동아아파트 재건축정비사업조합,방배동 988-1,관리처분인가,,
강동구,재건축,천호우성아파트 주택재건축정비사업 조합,천호동 19-1,관리처분인가,,
서초구,재건축,방배5구역주택재건축정비사업조합,방배동 946-8,착공,,
서초구,재건축,신반포5차아파트 주택재건축정비사업 조합,잠원동 64-8,이전고시,,
서초구,재건축,서초한양아파트 주택재건축정비사업 조합,반포동 32-5,조합해산,,
강남구,재건축,홍실아파트 주택재건축정비사업조합,삼성동 79,준공인가,,
강남구,재건축,청담삼익아파트 재건축정비사업 조합,청담동 134-18,준공인가,,
강남구,재건축,도곡개포한신아파트 주택재건축정비사업조합,도곡동 464,관리처분인가,,
강남구,재건축,도곡삼익아파트 재건축정비사업 조합설립추진위원회,도곡동 869,추진위원회승인,,
강남구,재건축,개포주공3단지아파트 재건축정비사업 조합,개포동 138,조합해산,,
강서구,가로주택정비,방화동 598-146번지 일대 가로주택정비사업조합,방화동 598-146,조합설립인가,,
영등포구,재개발(도시정비형),신길6역세권 장기전세주택 사업(도시정비형 재개발),신길동 1448-1,정비계획 수립,,
서대문구,가로주택정비,홍은동 326-2일원 가로주택정비사업,홍은동 326-2,조합설립인가,,
마포구,재개발(주택정비형),망원동 신속통합기획 후보지,망원동 416-53,정비계획 수립,,
강북구,재개발(도시정비형),삼양사거리역세권 장기전세주택 도시정비형 재개발구역,미아동 754-120,조합설립인가,,
영등포구,재개발(도시정비형),영진시장(아파트) 도시정비형 공공재개발,신길동 2365,정비구역지정,,
서대문구,재개발(도시정비형),가재울9(좌원상가) 도시재생형 재개발사업,남가좌동 295-5,정비구역지정,,
양천구,재개발(주택정비형),신월7동 2구역 주택정비형 공공재개발사업,신월동 941,조합설립인가,,
송파구,재개발(주택정비형),거여2재정비촉진구역 1지구 주택재개발정비사업조합,거여동 181,조합해산,,
은평구,재개발(주택정비형),응암제9구역주택재개발정비사업조합,응암동 663,조합해산,,
중랑구,재건축,중화동324번지일대 주택재건축정비사업 조합설립추진위원회,중화동 324,추진위원회승인,,
서대문구,재건축,홍제3구역주택재건축정비사업조합,홍제동 104-41,관리처분인가,,
강북구,재개발(주택정비형),미아2재정비촉진구역 주택재개발정비사업 조합,미아동 403,조합설립인가,,
강서구,재건축,무궁화연립주택재건축정비사업조합,방화동 191-3,이전고시,,
양천구,재개발(주택정비형),신정2재정비촉진구역 1지구 주택재개발정비사업조합,신정동 1175-28,조합해산,,
노원구,재건축,상계주공8단지 주택재건축정비사업 조합,상계동 677,조합해산,,
동대문구,재건축,장안시영2단지2차 주택재건축정비사업 조합 청산법인,장안동 329-2,조합청산,,
동대문구,재건축,대성연립연합 주택재건축정비사업 조합,장안동 425-1,이전고시,,
서대문구,재개발(주택정비형),홍은제13구역 주택재개발정비사업조합,홍은동 11-111,착공,,
강북구,재개발(주택정비형),미아 제10-1구역 주택재개발정비사업조합,미아동 476,이전고시,,
강남구,재건축,상아아파트2차 주택재건축정비사업조합,삼성동 19-4,조합해산,,
강북구,재건축,수유제4-1구역 주택재건축정비사업 조합설립추진위원회,수유동 170-2,추진위원회승인,,
영등포구,재개발(도시정비형),70. 양평제13구역 도시환경정비사업조합,양평동2가 33-20,사업시행인가,,
구로구,재건축,장미연립 주택재건축정비사업 조합,개봉동 335-16,이전고시,,
노원구,재개발(주택정비형),상계2재정비촉진구역 주택재개발정비사업 조합,상계동 자력2구역 17블럭 1롯트,사업시행인가,,
은평구,재개발(주택정비형),녹번제1구역제2지구 주택재개발정비사업조합,녹번동 19,조합해산,,
송파구,재건축,잠실5단지아파트 주택재건축정비사업조합,잠실동 27,조합설립인가,,
중랑구,재건축,면목4 주택재건축정비사업 조합,면목동 55-14,조합해산,,
중랑구,재건축,망우1구역 공공재건축정비사업조합 ,망우동 178-1,조합설립인가,,
강북구,재건축,미아제9-2구역 주택재건축정비사업 조합,미아동 137-72,사업시행인가,,
서초구,재건축,신반포16차아파트 주택재건축정비사업조합,잠원동 55-10,관리처분인가,,
성동구,재개발(주택정비형),성수전략정비구역 제4지구 주택재개발정비사업조합,성수동2가 219-4,조합설립인가,,
중랑구,재건축,묵1 주택재건축 정비사업조합,묵동 81-17,조합청산,,
은평구,재개발(주택정비형),수색13재정비촉진구역 주택재개발정비사업 조합,수색동 341-6,이전고시,37.5851873,126.8948584
용산구,재개발(도시정비형),국제빌딩주변 제5구역 도시환경정비사업조합,한강로2가 210-1,준공인가,37.53142,126.9685
양천구,재개발(주택정비형),신정2재정비촉진구역2지구 주택재개발정비사업조합,신정동 1150-41,이전고시,37.5162407,126.8521196
은평구,재개발(주택정비형),대조제1구역주택재개발정비사업조합,대조동 88,착공,37.60803,126.9216712
동작구,재개발(주택정비형),노량진3재정비촉진구역 조합,노량진동 232-19,사업시행인가,37.5110101,126.9414634
서초구,재건축,반포한양아파트 주택재건축정비사업조합,잠원동 66,조합해산,37.5141468,127.0084064
서초구,재건축,반포아파트(제3주구) 주택재건축정비사업 조합,반포동 1053,착공,37.50312,127.0014
은평구,재건축,신사1 주택재건축정비사업 조합,신사동 170-12,착공,37.59547,126.90718
중랑구,가로주택정비,면목동 194번지일대 가로주택정비사업,면목동 194-33,관리처분인가,37.58178,127.09034
강서구,재건축,등촌1구역주택재건축정비사업조합,등촌동 366-24,착공,37.5498936,126.86025
양천구,재개발(주택정비형),신정제4구역 주택재개발정비사업조합,신정동 1033-1,조합해산,37.5162407,126.8521196
성동구,재개발(주택정비형),성수전략정비구역 제2 주택정비형 재개발정비사업조합 ,성수동2가 506,조합설립인가,37.54048,127.05601
강서구,재건축,세림연립 주택재건축정비사업 조합,등촌동 656-35,관리처분인가,37.5498936,126.86025
구로구,재건축,대흥성원동진빌라 주택재건축정비사업조합,온수동 45-32,사업시행인가,37.4945527,126.820444
서초구,재건축,잠원동 대림아파트 주택재건축 정비사업 조합,잠원동 57,조합청산,37.5182544,127.0124028
동작구,재개발(주택정비형),흑석7재정비촉진구역 조합,흑석동 158,조합해산,37.5064393,126.963687
강북구,재개발(도시정비형),강북5구역 도시환경정비사업 조합설립추진위원회,미아동 61-79,추진위원회승인,37.628995,127.0257543
서초구,재건축,서초진흥아파트 주택재건축정비사업조합,서초동 1315,조합설립인가,37.48818,127.01751
은평구,재개발(주택정비형),응암제11구역 주택재개발정비사업조합,응암동 455,조합청산,37.59418,126.92555
은평구,재개발(주택정비형),불광제5 주택재개발정비사업 조합,불광동 238,관리처분인가,37.6160647,126.9339579
강서구,재건축,칠성연립 주택재건축정비사업 조합,내발산동 714-4,이전고시,37.5539189,126.8377194
양천구,재건축,삼미·장미연립 주택재건축정비사업 조합,신월동 410-12,이전고시,37.52782,126.83692
서초구,재건축,"신반포3차,경남 주택재건축정비사업조합",반포동 1-1,조합해산,37.50312,127.0014
서초구,재건축,신반포15차아파트 주택재건축정비사업조합 ,반포동 12,조합청산,37.50312,127.0014
서초구,재건축,신반포2차아파트 재건축정비사업조합,잠원동 73,조합설립인가,37.5156693,127.0177235
은평구,재개발(주택정비형),증산5재정비촉진구역 주택재개발정비사업 조합,증산동 195,관리처분인가,37.5827308,126.9053641
서초구,재건축,반포경남아파트 주택재건축 정비사업,반포동 1-8,추진위원회승인,37.50312,127.0014
서초구,재건축,삼호가든맨션3차 재건축정비사업조합,반포동 32-8,조합해산,37.50312,127.0014
서초구,재건축,삼호가든4차아파트 주택재건축 정비사업,반포동 30-18,조합해산,37.50312,127.0014
광진구,재건축,중곡아파트 주택재건축정비사업조합,중곡동 190-26,조합설립인가,37.56286,127.08921
양천구,재건축,신월시영아파트 재건축정비사업,신월동 987-1,조합설립인가,37.52782,126.83692
서초구,재건축,임광3차아파트 재건축정비사업 조합설립추진위원회,방배동 1010-1,추진위원회승인,37.4798789,126.9939103
동작구,재개발(도시정비형),신대방동 600번지 일대,신대방동 600,정비계획 수립,37.4955756,126.9195788
서초구,재건축,반포미도2차 재건축정비사업,반포동 60-5,조합설립인가,37.50312,127.0014
강남구,재건축,개포현대2차아파트 재건축정비사업,개포동 654,안전진단,37.48421,127.07006
강남구,재건축,개포 경남·우성3차·현대1차 통합 재건축정비사업,개포동 649,정비구역지정,37.48421,127.07006
강남구,재건축,대치미도아파트 재건축정비사업,대치동 511,정비계획 수립,37.49882,127.06566
송파구,재건축,올림픽선수기자촌아파트 재건축정비사업 조합설립추진위원회,방이동 89,추진위원회승인,37.5141564,127.1195472
양천구,가로주택정비,신월 가로주택정비사업,신월동 47-3,사업시행인가,37.52782,126.83692
은평구,재개발(주택정비형),불광동 16-111 일대,불광동 16-111,정비계획 수립,37.6160647,126.9339579
영등포구,소규모재건축,여의도화랑아파트 소규모재건축사업,여의도동 40-4,조합설립인가,37.5267088,126.9238
관악구,재개발(주택정비형),신림9구역 재개발정비사업,신림동 119-1,정비계획 수립,37.4868971,126.928177
은평구,재개발(주택정비형),신사동237번지 일대 주택정비형 재개발사업,신사동 237,조합설립인가,37.59547,126.90718
강북구,재개발(주택정비형),미아동 75번지 일대 주택정비형 재개발사업,미아동 75,정비계획 수립,37.6342073,127.027901
노원구,재건축,하계장미아파트 재건축사업,하계동 273,추진위원회승인,37.63793,127.07251
성북구,재개발(주택정비형),장위13-2구역(가칭) 주택재개발정비사업,장위동 224-12,정비계획 수립,37.6162,127.05086
성북구,재개발(주택정비형),장위13-1구역(가칭) 주택재개발정비사업,장위동 219-90,정비계획 수립,37.6160221,127.05025
성북구,재개발(주택정비형),성북제2구역 주택재개발정비사업 조합,성북동 226,사업시행인가,37.59552,126.99215
서초구,재건축,신반포12차아파트 재건축정비사업조합,잠원동 50-5,관리처분인가,37.5182544,127.0124028
마포구,재개발(주택정비형),염리동 488-14번지 일대 정비계획 수립 및 정비구역 지정 진행 지역,염리동 488-14,추진위원회승인,37.54914,126.94915
성북구,가로주택정비,종암동 개운산마을 가로주택정비사업조합,종암동 81-188,착공,37.59631,127.03333
구로구,가로주택정비,궁동 한양빌라 가로주택정비사업조합,궁동 240,조합설립인가,37.5006694,126.8280726
중랑구,가로주택정비,면목역 6의4구역 가로주택정비사업,면목동 110-13,조합설립인가,37.58178,127.09034
중랑구,가로주택정비,면목역 6의 5구역 가로주택정비사업,면목동 113-1,조합설립인가,37.58178,127.09034
동작구,재개발(주택정비형),본동구역 주택정비형 공공재개발사업,본동 47,조합설립인가,37.51337,126.95477
마포구,재개발(도시정비형),광흥창역세권(신수동) 도시정비형 재개발구역,신수동 301-1,정비계획 수립,37.5462035,126.9359375
성북구,재개발(도시정비형),돌곶이·상월곡역세권 장기전세주택 도시정비형재개발,장위동 66-300,추진위원회승인,37.6160221,127.05025
은평구,재개발(주택정비형),갈현제2구역 주택정비형 재개발사업,갈현동 12-248,정비구역지정,37.62058,126.91102
동작구,재개발(도시정비형),사당동 318-99번지일대 재개발정비사업,사당동 318-99,추진위원회승인,37.4850799,126.9704949
강서구,재건축,웅지 ·오성 ·염창주택재건축정비사업조합,염창동 242-4,이전고시,37.5553472,126.8725283
용산구,재개발(주택정비형),청파제1구역 재개발정비사업조합,청파동2가 11-1,조합설립인가,37.54655,126.96675
동작구,재건축,사당2 주택재건축 조합,사당동 181-360,조합해산,37.4850799,126.9704949
송파구,재건축,잠실미성·크로바아파트 주택재건축정비사업조합,신천동 17-6,준공인가,37.5184928,127.1030779
관악구,재건축,봉천6-1구역 주택재건축정비사업 조합설립추진위원회,봉천동 63-89,추진위원회승인,37.484665,126.9484961
영등포구,재건축,신동아아파트 주택재건축정비사업조합,양평동1가 20,조합설립인가,37.5247393,126.8836443
은평구,재개발(주택정비형),수색8재정비촉진구역 주택재개발 정비사업조합,수색동 16-2,관리처분인가,37.5851873,126.8948584
영등포구,재개발(주택정비형),도림제16구역 주택재개발정비사업조합,도림동 162-94,조합청산,37.5082619,126.8993866
은평구,재개발(주택정비형),불광제3구역주택재개발정비사업조합,불광동 17,조합청산,37.6160647,126.9339579
서초구,재건축,신반포6차아파트 주택재건축정비사업 조합,잠원동 74-2,조합해산,37.5182544,127.0124028
성동구,재개발(주택정비형),성수전략정비구역제3지구주택재개발정비사업조합,성수동2가 572-7,조합설립인가,37.54048,127.05601
노원구,재건축,월계동주택재건축정비사업조합,월계동 487-17,철거,37.6289,127.0567
동작구,재개발(주택정비형),노량진4재정비촉진구역 조합,노량진동 227-5,관리처분인가,37.5110101,126.9414634
구로구,재건축,고척동 산업인아파트 재건축정비사업조합,고척동 57-9,사업시행인가,37.5032363,126.8588409
송파구,재건축,잠실진주아파트 주택재건축정비사업조합,신천동 20-4,준공인가,37.5184928,127.1030779
양천구,재개발(주택정비형),신정1재정비촉진구역4지구 주택재개발정비사업 조합,신월동 612,이전고시,37.52782,126.83692
성동구,재개발(주택정비형),금호제18구역주택재개발정비사업조합,금호동3가 632,이전고시,37.54998,127.02213
은평구,재건축,역촌1구역 주택재건축정비사업조합,역촌동 189,분양,37.6049941,126.9148856
양천구,재개발(주택정비형),신정1재정비촉진구역2지구 주택재개발정비사업 조합,신월동 603-3,이전고시,37.52782,126.83692
서초구,재건축,서초삼호1차아파트 주택재건축 정비사업조합,서초동 1310,이전고시,37.48818,127.01751
관악구,재건축,미성아파트 재건축정비사업 조합,신림동 1656,사업시행인가,37.4868971,126.928177
양천구,재개발(도시정비형),신정3재정비촉진3-1구역 도시환경정비사업 조합설립추진위원회,신정동 1190-1,추진위원회승인,37.5162407,126.8521196
강서구,재건축,동아연립주택재건축정비사업조합,염창동 244-18,이전고시,37.5553472,126.8725283
성동구,재개발(주택정비형),행당제7구역 주택재개발정비사업조합,행당동 128,분양,37.55783,127.03571
마포구,재개발(주택정비형),아현제4 주택재개발정비사업 조합,아현동 380,준공인가,37.5505624,126.9525116
양천구,재개발(주택정비형),신정1재정비촉진구역3지구 주택재개발정비사업 조합,신월동 606,사업시행인가,37.52782,126.83692
마포구,재개발(주택정비형),염리2구역 주택재개발정비사업 조합(뉴타운),염리동 45,조합해산,37.5501812,126.9479037
은평구,재개발(주택정비형),녹번제1구역제1지구주택재개발정비사업조합,녹번동 53,조합청산,37.6040879,126.9317233
성동구,재개발(주택정비형),성수전략정비구역 제1 주택정비형 재개발정비사업조합,성수동1가 72-10,조합설립인가,37.5435,127.03742
금천구,재건축,독산동 삼승아파트 주택재건축 정비사업조합,독산동 966-1,조합해산,37.468399,126.8979571
강서구,재건축,염창1주택재건축정비사업조합,염창동 277-24,이전고시,37.5553472,126.8725283
강남구,재건축,개포시영(아) 주택재건축정비사업조합,개포동 656,조합해산,37.48421,127.07006
송파구,재건축,이화연립 주택재건축정비사업조합,풍납동 153,조합해산,37.53387,127.11094
강서구,재건축,덕수연립주택재건축정비사업조합,염창동 283,조합해산,37.5553472,126.8725283
동대문구,재개발(주택정비형),답십리자동차부품상가 도시정비형 재개발정비사업조합,답십리동 952,사업시행인가,37.57002,127.05467
강동구,재건축,고덕주공9단지아파트 재건축정비사업,명일동 257,안전진단,37.54841,127.15158
성동구,재개발(주택정비형),옥수제12구역 주택재개발정비사업조합,옥수동 500,조합청산,37.54176,127.01648
은평구,재개발(주택정비형),응암제3구역주택재개발정비사업조합,응암동 171,조합해산,37.59418,126.92555
마포구,재건축,신수2구역 주택재건축정비사업 조합설립추진위원회,신수동 225-7,추진위원회승인,37.5462035,126.9359375
영등포구,재개발(도시정비형),69. 양평제12구역 도시환경정비사업조합,양평동1가 243-1,분양,37.52309,126.88868
강동구,재건축,둔촌주공아파트 주택재건축정비사업조합,둔촌동 172,준공인가,37.5289579,127.1447659
용산구,재개발(도시정비형),용산역전면 제2구역 도시환경정비사업조합,한강로3가 391,이전고시,37.52754,126.96297
양천구,재건축,신월4구역 주택재건축정비사업조합,신월동 489-3,이전고시,37.52782,126.83692
강남구,재건축,개포1동주공아파트 주택재건축정비사업조합,개포동 660-4,착공,37.48421,127.07006
영등포구,재개발(주택정비형),신길제2구역 주택재개발정비사업조합,신길동 190,사업시행인가,37.5065214,126.9119108
강북구,재개발(도시정비형),미아중심재정비촉진지구 강북2재정비촉진구역 도시환경정비사업조합,미아동 42-8,조합설립인가,37.628995,127.0257543
은평구,재건축,불광1주택재건축정비사업(신탁방식),불광동 19-3,사업시행인가,37.6160647,126.9339579
강남구,재건축,압구정아파트지구 특별계획구역① 재건축사업,압구정동 414,추진위원회승인,37.5300432,127.0313346
강남구,재건축,압구정아파트지구 특별계획구역② 재건축정비사업조합,압구정동 434,조합설립인가,37.5300432,127.0313346
강동구,재건축,고덕시영아파트 주택재건축정비사업조합,고덕동 670,조합해산,37.56528,127.15761
은평구,재개발(주택정비형),응암제2구역 주택재개발정비사업 조합,응암동 36,조합청산,37.59418,126.92555
강남구,재건축,논현청학아파트재건축정비사업 조합,논현동 62-3,조합설립인가,37.5123018,127.0294935
중랑구,재건축,한림연립주택재건축조합,면목동 134-40,이전고시,37.58178,127.09034
동작구,재개발(주택정비형),노량진7재정비촉진구역 조합,대방동 13-31,관리처분인가,37.5067997,126.9291349
용산구,재개발(도시정비형),한강로구역 도시환경정비사업조합,한강로1가 158,조합설립인가,37.5329295,126.9719025
동대문구,재개발(주택정비형),용두1도시환경정비구역 제5지구 조합설립추진위원회,용두동 23-1,추진위원회승인,37.57616,127.03476
강동구,소규모재건축,길동한전우성아파트 소규모주택정비사업조합,길동 332,조합설립인가,37.5398309,127.1466106
은평구,재개발(주택정비형),증산2재정비촉진구역 주택재개발정비사업 조합,증산동 213-20,조합해산,37.5827308,126.9053641
서대문구,재개발(주택정비형),홍은제14구역주택재개발정비사업조합,홍은동 19-19,조합해산,37.59296,126.93733
서대문구,재개발(주택정비형),연희제1구역 주택재개발정비사업조합,연희동 533,착공,37.57234,126.93084
중구,재개발(주택정비형),신당제9구역 주택재개발정비사업조합,신당동 432-1008,조합설립인가,37.5672239,127.0152585
성북구,재개발(주택정비형),돈암6구역 주택재개발정비사업조합,돈암동 48-29,사업시행인가,37.59742,127.01841
용산구,재개발(주택정비형),한남4재정비촉진구역 주택재개발정비사업 조합,보광동 360,사업시행인가,37.5270966,127.0015525
동대문구,재개발(주택정비형),제기제6구역주택재개발정비사업조합,제기동 120-104,관리처분인가,37.5783784,127.0344672
동대문구,재건축,435대명연립 주택재건축정비사업 조합,장안동 435-2,이전고시,37.57105,127.06806
동대문구,재개발(주택정비형),이문4재정비촉진구역 주택재개발정비사업조합,이문동 86-1,관리처분인가,37.60021,127.06124
성북구,가로주택정비,장위13-6 가로주택정비사업 조합,장위동 232-41,조합설립인가,37.6162,127.05086
강남구,재건축,압구정한양7차아파트 재건축정비사업조합,압구정동 528,조합설립인가,37.5300432,127.0313346
종로구,재개발(도시정비형),창신4구역 도시환경정비사업 조합설립추진위원회,창신동 330-1,추진위원회승인,37.57595,127.01313
서초구,재건축,신반포21차아파트 주택재건축정비사업조합,잠원동 59-10,착공,37.5182544,127.0124028
강서구,재건축,화곡1 주택재건축정비사업조합,화곡동 1027-50,이전고시,37.54208,126.84656
동작구,재개발(주택정비형),노량진1재정비촉진구역 조합,노량진동 278-2,사업시행인가,37.5110101,126.9414634
동작구,재건축,상도대림아파트 주택재건축 조합,상도동 36-1,조합청산,37.4988159,126.9441045
송파구,재건축,반도아파트 주택재건축정비사업 조합,송파동 167,조합해산,37.50479,127.11369
관악구,재건축,봉천1-1구역 재건축정비사업 조합,봉천동 728-57,사업시행인가,37.484665,126.9484961
강서구,재건축,원일빌라 주택재건축정비사업조합,방화동 278-7,관리처분인가,37.57682,126.81422
성동구,재개발(주택정비형),옥수제13구역 주택재개발정비사업 조합,옥수동 526,조합해산,37.54176,127.01648
용산구,재개발(도시정비형),용산역전면 제3구역 도시환경정비사업조합,한강로2가 342,이전고시,37.53142,126.9685
성동구,재개발(주택정비형),금호제14구역 주택재개발정비사업조합,금호동4가 235,조합해산,37.54479,127.02339
영등포구,재건축,75. 여의도 시범아파트주택재건축정비사업 조합설립추진위원회,여의도동 50,추진위원회승인,37.5198496,126.9402516
성북구,재개발(주택정비형),성북1구역 공공재개발 정비사업 주민대표회의,성북동 179-68,조합설립인가,37.59552,126.99215
관악구,재개발(주택정비형),봉천제12-2구역 주택재개발정비사업조합,봉천동 1553-1,조합청산,37.484665,126.9484961
서대문구,재개발(주택정비형),가재울뉴타운5구역 주택재개발정비사업 조합,남가좌동 175,조합해산,37.57744,126.9179
양천구,재개발(주택정비형),신월1구역 주택재개발정비사업 조합설립추진위원회,신월동 159-192,추진위원회승인,37.5290495,126.8335466
성북구,재개발(주택정비형),길음2재정비촉진구역 주택재개발정비사업조합,길음동 498,조합해산,37.6085308,127.0201946
송파구,재건축,가락미륭아파트 재건축정비사업조합,가락동 138,관리처분인가,37.49672,127.11744
관악구,지역주택,(가칭)신림지역주택조합 추진위원회,신림동 1480-1,조합원 모집신고,37.4730961,126.9282982
서초구,리모델링,반포동엠브이아파트 리모델링주택조합,반포동 46,,37.50312,127.0014
관악구,지역주택,(가칭)청림동지역주택조합,봉천동 14-120,,37.484665,126.9484961
동대문구,재개발(주택정비형),답십리제17구역 주택재개발정비사업,답십리동 12,준공인가,37.5685858,127.0517873
동작구,재건축,사당1 주택재건축정비사업 조합,사당동 167-19,조합청산,37.4856963,126.9723525
마포구,지역주택,신수동무쇠막 지역주택조합,신수동 91-90,철거 및 착공,37.5462035,126.9359375
양천구,재개발(도시정비형),목동 523번지 일대 도시정비형 재개발사업(역세권 활성화 사업),목동 523,정비계획 수립,37.53608,126.87585
서대문구,재개발(주택정비형),연희2구역 공공재개발사업,연희동 721-6,추진위원회승인,37.57234,126.93084
동작구,지역주택,(가칭)동작남성역지역주택조합,사당동 277-1,조합원 모집신고,37.4856963,126.9723525
양천구,재건축,봉상연립 주택재건축정비사업 조합,신월동 8-1,이전고시,37.5413956,126.8282654
서대문구,재건축,홍은동제2 주택재건축정비사업 조합,홍은동 338-5,준공인가,37.59296,126.93733
동작구,재개발(주택정비형),흑석3재정비촉진구역 주택재개발정비사업조합,흑석동 253-89,준공인가,37.5064393,126.963687
서초구,재건축,신반포1차아파트 주택재건축정비사업 조합,반포동 2-1,조합청산,37.50312,127.0014
관악구,재개발(주택정비형),봉천제14구역 재개발정비사업조합,봉천동 1,사업시행인가,37.4893869,126.9474546
광진구,가로주택정비,한양연립 일대 가로주택정비사업,구의동 592-39,사업시행인가,37.54417,127.09262
금천구,가로주택정비,시흥동 934번지 일대 가로주택정비사업,시흥동 934,조합설립인가,37.4507049,126.9085555
용산구,재개발(주택정비형),서계 통합구역 주택정비형재개발 사업(신속통합기획),서계동 33-5,추진위원회승인,37.55234,126.96595
강북구,재개발(주택정비형),번동 441-3번지 일대 주택재개발정비사업,번동 441-3,추진위원회승인,37.62929,127.03684
동대문구,재개발(도시정비형),신이문2 역세권 도시정비형 재개발정비사업,이문동 170-65,정비계획 수립,37.60021,127.06124
성북구,가로주택정비,정릉동 226-1번지 일대 가로주택정비사업  조합,정릉동 226-1,조합설립인가,37.61654,126.99794
구로구,소규모재건축,한성아파트 소규모재건축정비사업,고척동 227-1,조합설립인가,37.5032363,126.8588409
서초구,가로주택정비,"양재동 풍림, 현대빌라 가로주택정비사업조합",양재동 18-18,조합설립인가,37.46838,127.0361
강동구,재개발(주택정비형),천호동 214-19번지 일대 재개발정비사업(천호 3-1구역),천호동 214-19,정비계획 수립,37.54294,127.12733
구로구,지역주택,(가칭)구로3동 16통 24통 지역주택조합사업,구로동 153-3,,37.4945849,126.8845477
은평구,재건축,응암3 주택재건축정비사업조합,응암동 626-108,조합해산,37.5926573,126.9216114
용산구,재개발(도시정비형),정비창전면 제3구역 도시정비형 재개발 정비사업 조합,한강로3가 40-19,조합설립인가,37.52754,126.96297
동대문구,재개발(도시정비형),용두제7구역 도시환경정비사업 조합설립추진위원회,용두동 53-6,추진위원회승인,37.57616,127.03476
영등포구,재개발(도시정비형),71. 양평제14구역 도시환경정비사업 조합설립추진위원회,양평동2가 29-6,추진위원회승인,37.52357,126.88288
중랑구,가로주택정비,면목역2구역 가로주택정비사업 ,면목동 1251-4,조합설립인가,37.58178,127.09034
동작구,지역주택,(가칭)사당5동지역주택조합 추진위원회,사당동 217-15,,37.4856963,126.9723525
동작구,지역주택,(가칭)남성역지역주택조합 추진위원회,사당동 235-81,조합창립총회,37.4856963,126.9723525
송파구,리모델링,강변현대아파트 리모델링사업조합,풍납동 299-1,조합원 모집신고,37.53387,127.11094
송파구,리모델링,문정건영아파트 리모델링주택조합,문정동 72-3,지구단위계획수립/건축심의/교통심의,37.48434,127.12246
송파구,리모델링,오금아남아파트 리모델링주택조합,오금동 67-7,,37.50355,127.13379
송파구,리모델링,거여5단지아파트 리모델링주택조합,거여동 294,,37.48921,127.14667
관악구,재개발(주택정비형),봉천4-1-3구역 주택재개발정비사업조합,봉천동 480,사업시행인가,37.484665,126.9484961
구로구,소규모재건축,길훈아파트소규모재건축정비사업조합,오류동 150-42,조합설립인가,37.4910095,126.8377379
마포구,재개발(주택정비형),마포로1구역 제10지구 도시정비형 재개발사업 조합,도화동 536,사업시행인가,37.5386394,126.9492428
강북구,소규모재건축,보광연립소규모재건축사업조합,수유동 360-1,사업시행인가,37.6352212,127.0090642
성동구,재개발(주택정비형),용답동 주택재개발정비사업조합,용답동 108-1,분양,37.56211,127.05467
용산구,재건축,한양철우아파트 주택재건축 정비사업조합,한강로3가 65-500,조합설립인가,37.52754,126.96297
용산구,재건축,한남연립 729번지 주택재건축 정비사업조합,한남동 729,조합청산,37.53822,127.0074
은평구,재건축,응암제4구역 주택재건축정비사업조합,응암동 225-1,조합청산,37.59418,126.92555
성북구,재개발(주택정비형),종암제6구역주택재개발정비사업조합,종암동 95-2,조합해산,37.59631,127.03333
서초구,재건축,우성3차 주택재건축정비사업조합,서초동 1332-1,조합해산,37.48818,127.01751
서초구,재건축,방배삼익아파트 주택재건축정비사업조합,방배동 1018-1,분양,37.4798789,126.9939103
동작구,재개발(주택정비형),노량진8재정비촉진구역 조합,대방동 23-61,관리처분인가,37.5067997,126.9291349
성동구,재건축,장미아파트 주택재건축정비사업 조합설립추진위원회,성수동1가 656-421,추진위원회승인,37.5435,127.03742
서초구,재건축,신반포22차아파트 주택재건축정비사업조합,잠원동 65-33,착공,37.5182544,127.0124028
은평구,재개발(주택정비형),응암제1구역 주택재개발정비사업조합,응암동 8,조합청산,37.5998307,126.9230263
영등포구,재개발(주택정비형),신길11재정비촉진구역 주택재개발정비사업조합,신길동 329-94,조합청산,37.5065214,126.9119108
은평구,재개발(주택정비형),수색4재정비촉진구역 주택재개발 정비사업 조합,수색동 330-1,조합해산,37.5851873,126.8948584
영등포구,재개발(주택정비형),신길7재정비촉진구역 주택재개발정비사업 조합,신길동 2039,조합청산,37.5065214,126.9119108
영등포구,재개발(주택정비형),신길14재정비촉진구역 주택재개발정비사업 조합,신길동 347-50,조합해산,37.5065214,126.9119108
강북구,재건축,수유제4-2구역 주택재건축정비사업 조합설립추진위원회,수유동 291-224,추진위원회승인,37.6352212,127.0090642
관악구,재개발(주택정비형),신림2재정비촉진구역 재개발정비사업조합,신림동 324-25,철거,37.4868971,126.928177
영등포구,재개발(도시정비형),영등포1-13재정비촉진구역 도시환경정비사업 조합,영등포동5가 32-8,분양,37.52095,126.9066
서대문구,재개발(도시정비형),마포로5구역제2지구 도시정비형재개발사업조합,충정로3가 250,조합설립인가,37.5618374,126.9616577
강서구,재건축,경남1차주택재건축정비사업조합,내발산동 716-20,조합설립인가,37.5539189,126.8377194
성동구,재건축,응봉1 주택재건축정비사업 조합,응봉동 193-162,사업시행인가,37.55236,127.03356
용산구,재개발(도시정비형),국제빌딩주변 제4구역 도시환경정비사업조합,한강로3가 63-70,이전고시,37.52754,126.96297
동대문구,재개발(주택정비형),휘경1재정비촉진구역 주택재개발정비사업조합,휘경동 243,조합해산,37.58773,127.06526
강동구,재건축,길동신동아3차아파트 주택재건축정비사업조합,길동 43,조합청산,37.5338299,127.1395976
용산구,재건축,한강맨션아파트 주택재건축 조합,이촌동 300-23,관리처분인가,37.52086,126.96612
서초구,재건축,우성2차아파트 주택재건축정비사업조합,서초동 1331,조합해산,37.48818,127.01751
동대문구,재개발(도시정비형),용두제6구역 도시환경정비사업 조합설립추진위원회,용두동 52-28,추진위원회승인,37.57616,127.03476
서초구,재건축,반포현대아파트주택재건축정비사업조합,반포동 30-15,이전고시,37.50312,127.0014
용산구,재개발(주택정비형),효창제4구역 주택재개발 정비사업조합,효창동 117-1,조합청산,37.54341,126.96037
강서구,재건축,젤라연립 주택재건축정비사업 조합,화곡동 812-26,이전고시,37.54208,126.84656
구로구,재개발(주택정비형),고척제4구역 주택재개발정비사업조합,고척동 148,착공,37.5032363,126.8588409
용산구,재개발(주택정비형),효창제6구역주택재개발정비사업조합,효창동 3-250,조합해산,37.54341,126.96037
중랑구,재건축,면목동172-1번지일대 주택재건축정비사업 조합설립추진위원회,면목동 172-1,추진위원회승인,37.58178,127.09034
성북구,재개발(주택정비형),정릉제10구역 주택재개발정비사업조합,정릉동 539-1,조합해산,37.61654,126.99794
노원구,재건축,월계3(벼루마을) 주택재건축정비사업조합,월계동 531,조합청산,37.6289,127.0567
성북구,재개발(주택정비형),안암2구역 주택재개발 정비사업조합,안암동3가 132-17,이전고시,37.58371,127.02359
성북구,재개발(주택정비형),장위10구역 주택재개발정비사업조합,장위동 68-37,관리처분인가,37.6162,127.05086
성동구,재개발(주택정비형),금호제15구역 주택재개발정비사업조합,금호동1가 280,조합청산,37.55286,127.02393
성북구,재개발(주택정비형),장위5구역 주택재개발정비사업조합,장위동 173-114,조합해산,37.6162,127.05086
송파구,재건축,잠실우성아파트 재건축정비사업조합,잠실동 101-1,조합설립인가,37.5122807,127.0855986
동작구,재개발(주택정비형),흑석8재정비촉진구역 조합,흑석동 232,조합해산,37.5064393,126.963687
강남구,재건축,개나리4차아파트주택재건축정비사업 조합,역삼동 712,이전고시,37.49988,127.03856
강북구,재개발(주택정비형),미아3재정비촉진구역 주택재개발정비사업조합,미아동 439,관리처분인가,37.628995,127.0257543
성북구,가로주택정비,장위11-2구역 가로주택정비사업 조합,장위동 68-833,사업시행인가,37.6099135,127.0460782
성북구,가로주택정비,정릉동 218의1 가로주택정비사업 조합,정릉동 218-1,사업시행인가,37.61654,126.99794
성북구,가로주택정비,장위11-3구역 가로주택정비사업 조합,장위동 65-107,조합설립인가,37.6162,127.05086
성북구,가로주택정비,장위13-4구역 가로주택정비사업 조합,장위동 219-133,조합설립인가,37.6162,127.05086
성북구,재개발(주택정비형),길음5재정비촉진구역 주택재개발정비사업 조합,정릉동 175,조합설립인가,37.61654,126.99794
성북구,재개발(주택정비형),장위15구역 주택재개발정비사업조합,장위동 233-42,조합설립인가,37.6162,127.05086
은평구,재개발(도시정비형),수색11재정비촉진구역,수색동 32-13,정비구역지정,37.5851873,126.8948584
중랑구,재개발(도시정비형),상봉6재정비촉진구역 도시환경정비사업 조합설립추진위원회,상봉동 107-1,추진위원회승인,37.60002,127.09283
양천구,재개발(도시정비형),신정3재정비촉진지구2구역 도시환경정비사업조합설립추진위원회,신정동 1182-1,추진위원회승인,37.5162407,126.8521196
영등포구,재건축,삼성아파트 주택재건축정비사업조합,신길동 4759,조합설립인가,37.5065214,126.9119108
영등포구,재개발(주택정비형),신길12재정비촉진구역 주택재개발정비사업조합,신길동 337-246,조합청산,37.5065214,126.9119108
강북구,재건축,미아4재정비촉진구역 주택재건축정비사업조합,미아동 1261-376,관리처분인가,37.6264941,127.0261091
금천구,소규모재건축,대도연립 소규모재건축사업조합,시흥동 983-13,조합설립인가,37.4507049,126.9085555
성동구,재건축,경동연립 재건축정비사업 조합설립추진위원회,성수동1가 22-13,추진위원회승인,37.5435,127.03742
동대문구,재개발(도시정비형),용두1구역(6지구) 공공재개발사업,용두동 14-1,조합설립인가,37.57616,127.03476
중랑구,가로주택정비,면목동 10-2번지 가로주택정비사업 조합,면목동 10-2,조합설립인가,37.5923937,127.0791987
강북구,가로주택정비,번동2-1구역 가로주택정비사업 조합,번동 454-61,조합설립인가,37.62929,127.03684
강서구,가로주택정비,방화동 247-71번지 일대 가로주택정비사업조합,방화동 247-71,조합설립인가,37.57682,126.81422
도봉구,재개발(주택정비형),쌍문제1구역 주택재개발정비사업조합,쌍문동 414,이전고시,37.65347,127.02715
용산구,재건축,청화아파트주택재건축정비사업조합설립추진위원회,이태원동 22-2,추진위원회승인,37.53842,126.992
마포구,재건축,신수1 주택재건축정비사업조합,신수동 93-102,조합해산,37.5462035,126.9359375
노원구,재개발(주택정비형),상계3재정비촉진구역 공공재개발정비사업,상계동 71-183,조합설립인가,37.66091,127.069655
영등포구,재개발(주택정비형),신길1구역 주택정비형 공공재개발사업,신길동 147-80,조합설립인가,37.5065214,126.9119108
양천구,재건축,목동14단지아파트 재건축정비사업,신정동 329,조합설립인가,37.5162407,126.8521196
금천구,재개발(주택정비형),독산시흥구역,시흥동 871,조합설립인가,37.4507049,126.9085555
노원구,재건축,월계동신아파트주택재건축정비사업조합,월계동 436,관리처분인가,37.6289,127.0567
강동구,재건축,천호2구역 주택재건축정비사업조합,천호동 437-5,조합해산,37.54294,127.12733
마포구,재건축,공덕1구역 주택재건축정비사업 조합,공덕동 105-84,착공,37.549927,126.9592897
동대문구,재개발(주택정비형),이문3재정비촉진구역 주택재개발정비사업조합,이문동 149-8,분양,37.60021,127.06124
마포구,재건축,서강주택재건축정비사업조합,하중동 18-2,준공인가,37.54365,126.92838
양천구,재건축,목원연립 주택재건축정비사업 조합,목동 803-2,이전고시,37.53608,126.87585
양천구,재건축,신월2구역 주택재건축정비사업 조합설립추진위원회,신월동 487-4,추진위원회승인,37.52782,126.83692
양천구,재건축,목제1주택재건축정비사업조합,목동 632-1,조합청산,37.53608,126.87585
송파구,재개발(주택정비형),마천3재정비촉진구역 주택재개발정비사업조합,마천동 283,조합설립인가,37.49803,127.15167
강남구,재건축,대치동구마을1지구재건축정비사업 조합,대치동 963,이전고시,37.49882,127.06566
강동구,재건축,길동진흥아파트 주택재건축정비사업 조합,길동 298-1,조합해산,37.5398309,127.1466106
양천구,재개발(주택정비형),신정1재정비촉진구역1지구 주택재개발정비사업 조합,신월동 551-10,준공인가,37.52782,126.83692
성동구,재개발(주택정비형),금호제20구역 주택재개발정비사업 조합,금호동4가 56-1,조합해산,37.54479,127.02339
용산구,재개발(주택정비형),효창제5구역 주택재개발정비사업조합,효창동 13-2,조합청산,37.54341,126.96037
서초구,재건축,방배신삼호아파트 재건축정비사업조합,방배동 725,조합설립인가,37.4798789,126.9939103
강남구,재건축,"역삼동(758,은하수,760) 주택재건축정비사업조합",역삼동 758,분양,37.49988,127.03856
성동구,재개발(도시정비형),장안평 중고차매매센터 도시정비형 재개발정비사업조합,용답동 234,조합설립인가,37.5613328,127.0580146
구로구,소규모재건축,미래빌라소규모재건축정비사업조합,오류동 68-21,조합설립인가,37.4910095,126.8377379
송파구,재건축,송파한양2차아파트 재건축정비사업 조합,송파동 151,조합설립인가,37.50479,127.11369
성북구,재개발(주택정비형),정릉제3구역주택재개발정비사업 조합설립추진위원회,정릉동 894,추진위원회승인,37.61654,126.99794
영등포구,재개발(주택정비형),신길8재정비촉진구역 주택재개발정비사업조합,신길동 3163,조합청산,37.5065214,126.9119108
동작구,재건축,사당3 주택재건축 정비사업조합,사당동 41-17,조합해산,37.4856963,126.9723525
서초구,재건축,서초무지개아파트 재건축정비사업 조합,서초동 1335,조합청산,37.48818,127.01751
용산구,재건축,한강삼익아파트 주택재건축정비사업 조합,이촌동 300-301,사업시행인가,37.52086,126.96612
동대문구,재개발(주택정비형),제기제4구역 주택재개발정비사업조합,제기동 288,철거,37.58465,127.03678
강동구,재건축,"길동신동아1,2차아파트 주택재건축정비사업조합",길동 160,준공인가,37.5398309,127.1466106
서대문구,재건축,홍제동 제1주택재건축정비사업 조합,홍제동 57-5,준공인가,37.5871,126.94676
용산구,재건축,산호아파트 주택재건축 정비사업조합,원효로4가 118-16,사업시행인가,37.53211,126.95127
강북구,재개발(주택정비형),미아제16구역 주택재개발사업 조합설립추진위원회,미아동 6,추진위원회승인,37.6189207,127.0216392
성북구,재개발(주택정비형),길음역세권재정비촉진구역 주택재개발정비사업조합,길음동 542-1,준공인가,37.6085308,127.0201946
서초구,재건축,신반포18차 337동 주택재건축정비사업조합,잠원동 49-17,착공,37.5182544,127.0124028
영등포구,재개발(도시정비형),52. 당산제3구역 도시환경정비구역,당산동3가 410,정비계획 수립,37.52616,126.89724
서초구,재건축,신반포궁전아파트 주택재건축정비사업조합,반포동 65-1,조합설립인가,37.50312,127.0014
강남구,재건축,개나리6차(아) 재건축정비사업 조합,역삼동 711-1,조합해산,37.49988,127.03856
서대문구,재건축,홍은동 제5주택재건축정비사업  조합,홍은동 277-45,조합설립인가,37.59296,126.93733
마포구,재건축,망원1 주택재건축정비사업 조합,망원동 458-16,조합해산,37.55586,126.90087
강남구,재건축,개포우성7차아파트 재건축정비사업조합,일원동 615,조합설립인가,37.48754,127.08705
은평구,재개발(주택정비형),응암3동 재개발 연계형 도시재생활성화사업,응암동 700,정비계획 수립,37.59418,126.92555
성북구,가로주택정비,하월곡2구역 가로주택정비사업조합,하월곡동 40-107,조합설립인가,37.60444,127.03764
동작구,소규모재건축,사당동 인정아파트 소규모 재건축 정비사업,사당동 196,사업시행인가,37.4856963,126.9723525
성북구,재개발(주택정비형),장위 7구역 주택재개발정비사업조합,장위동 189-3,조합해산,37.6162,127.05086
강동구,재건축,삼익그린맨션아파트 주택재건축정비사업조합,명일동 309-1,조합청산,37.54841,127.15158
송파구,재건축,가락극동아파트 재건축사업 조합,가락동 192,조합설립인가,37.49672,127.11744
성동구,재건축,장미아파트주택재건축정비사업,성수동1가 656-421,착공,37.5435,127.03742
중랑구,재건축,중화동131-35번지일대 주택재건축정비사업 조합설립추진위원회,중화동 131-35,추진위원회승인,37.59755,127.07783
성북구,재개발(주택정비형),석관제2구역 주택재개발정비사업조합,석관동 58-56,조합해산,37.60789,127.06116
영등포구,재건축,여의도 수정아파트 주택재건축정비사업,여의도동 32,정비계획 수립,37.51895,126.9390289
서초구,재건축,서초중앙하이츠1구역 주택재건축정비사업조합,방배동 1000-4,사업시행인가,37.4798789,126.9939103
중랑구,재개발(도시정비형),상봉7재정비촉진구역 도시환경정비사업조합,상봉동 88,사업시행인가,37.5935137,127.0777705
동대문구,재개발(주택정비형),회기제1구역 주택재개발정비사업조합,회기동 62-34,이전고시,37.59433,127.05178
구로구,소규모재건축,월드빌라소규모재건축정비사업조합,궁동 236-1,조합설립인가,37.5006694,126.8280726
종로구,재개발(도시정비형),돈의문1구역도시환경정비사업조합,교남동 62-1,조합해산,37.5716654,126.9633904
서대문구,재개발(주택정비형),북아현 1-1 재정비촉진구역 주택재개발 정비사업조합,북아현동 1-954,조합청산,37.5594721,126.9552494
관악구,지역주택,(가칭)당곡역 지역주택조합,신림동 1448-1,조합원 모집신고,37.4730961,126.9282982
용산구,리모델링,점보아파트 리모델링주택조합,이촌동 300-10,,37.52086,126.96612
용산구,리모델링,강촌아파트 리모델링주택조합,이촌동 402,,37.52086,126.96612
용산구,리모델링,미주아파트비동 리모델링주택조합,이촌동 302-48,조합설립인가,37.52086,126.96612
광진구,재건축,신향빌라 재건축사업,중곡동 18-24,정비구역지정,37.56286,127.08921
성북구,가로주택정비,석관1의7구역 가로주택정비사업조합,석관동 332-46,조합설립인가,37.60789,127.06116
마포구,재개발(도시정비형),마포로1구역 제23지구 도시정비형 재개발사업 조합,마포동 350,추진위원회승인,37.53672,126.94288
영등포구,재개발(주택정비형),신길3재정비촉진구역 주택재개발정비사업조합,신길동 145-40,조합청산,37.5065214,126.9119108
용산구,재개발(주택정비형),한남2재정비촉진구역 주택재개발정비사업 조합,보광동 272-3,관리처분인가,37.5270966,127.0015525
강서구,재건축,방화6재정비촉진구역 주택재건축정비사업조합,방화동 608-97,철거,37.57682,126.81422
성북구,재개발(주택정비형),장위 4구역 주택재개발정비사업조합,장위동 289,착공,37.6162,127.05086
성북구,재개발(도시정비형),신월곡1구역 도시환경정비사업조합,하월곡동 88-142,관리처분인가,37.60444,127.03764
금천구,재건축,우창연립 주택재건축정비사업조합설립추진위원회,가산동 547-44,추진위원회승인,37.4753253,126.8863954
도봉구,재건축,성삼연립 주택재건축정비사업조합,방학동 636,이전고시,37.66442,127.03333
영등포구,재개발(도시정비형),45. 문래동4가 도시환경정비구역 재개발정비사업조합,문래동4가 23-6,조합설립인가,37.514477,126.8898892
영등포구,재개발(도시정비형),31. 영등포1-15 재정비촉진구역,영등포동2가 34-4,정비구역지정,37.52125,126.91222
서대문구,재개발(주택정비형),홍은제12구역 주택재개발정비사업조합,홍은동 441-1,조합해산,37.59296,126.93733
종로구,재개발(도시정비형),사직제2구역 도시환경정비사업 조합,사직동 311-10,사업시행인가,37.5738317,126.9703041
송파구,재건축,"장미1,2,3차아파트 주택재건축정비사업 조합",신천동 7,조합설립인가,37.5184928,127.1030779
강남구,재건축,대치우성1차아파트 재건축정비사업조합,대치동 63,사업시행인가,37.49882,127.06566
은평구,소규모재건축,성락타운아파트소규모재건축사업,신사동 261-20,조합설립인가,37.59547,126.90718
강동구,가로주택정비,성내동 288-1번지 일원 가로주택정비사업,성내동 288-1,조합설립인가,37.52998,127.12875
동작구,지역주택,(가칭)상도3동 지역주택조합,상도동 356-159,조합원 모집신고,37.4988159,126.9441045
서초구,재건축,방배3구역주택재건축정비사업조합,방배동 992-1,조합해산,37.4798789,126.9939103
서초구,재건축,신반포19차 25차(아) 재건축정비사업조합,잠원동 61-2,조합설립인가,37.5182544,127.0124028
구로구,재건축,오류동 현대연립 주택재건축정비사업조합,오류동 156-15,관리처분인가,37.4910095,126.8377379
동대문구,재개발(주택정비형),용두제1구역주택재개발정비사업조합,용두동 80-1,조합청산,37.57616,127.03476
성북구,재개발(주택정비형),장위제6구역 주택재개발정비사업조합,장위동 25-55,착공,37.6162,127.05086
용산구,가로주택정비,신창동 76-1번지 일대 가로주택정비사업조합,신창동 76-1,조합설립인가,37.53586,126.95441
노원구,재개발(주택정비형),상계5재정비촉진구역 주택재개발정비사업 조합,상계동 109-43,조합설립인가,37.66727,127.07242
관악구,재개발(주택정비형),신림8구역 재개발정비사업,신림동 650,추진위원회승인,37.4868971,126.928177
동작구,재개발(주택정비형),상도15구역 주택정비형 재개발사업,상도동 279,조합설립인가,37.4988159,126.9441045
영등포구,재건축,여의도 광장아파트 28주택재건축정비사업,여의도동 28,조합설립인가,37.5241239,126.9241566
동작구,재개발(주택정비형),사당12구역 주택재개발정비사업 조합설립추진위원회,사당동 288,추진위원회승인,37.4856963,126.9723525
마포구,재개발(도시정비형),마포로1구역 제5지구 도시정비형 재개발사업,도화동 544,추진위원회승인,37.5386394,126.9492428
도봉구,재건축,쌍문한양1차아파트 재건축사업,쌍문동 388-33,조합설립인가,37.65347,127.02715
강서구,소규모재건축,동성 소규모재건축정비사업조합,등촌동 654-43,정비계획 수립,37.5498936,126.86025
강서구,재건축,신안빌라주택재건축정비사업조합설립추진위원회 및 예비사업시행자(한국토지신탁),마곡동 327-53,사업시행인가,37.566575,126.826243
영등포구,재개발(도시정비형),영등포1-11재정비촉진구역 도시환경정비사업조합,영등포동5가 30,사업시행인가,37.5187034,126.9030823
성북구,재개발(주택정비형),동소문제2구역 주택재개발정비사업조합,동소문동2가 33,조합설립인가,37.58839,127.00785
서초구,재건축,방배14구역 주택재건축정비사업조합,방배동 975-35,철거,37.4798789,126.9939103
영등포구,재개발(주택정비형),신길9재정비촉진구역 주택재개발정비사업 조합,신길동 240-16,조합청산,37.5065214,126.9119108
영등포구,재개발(도시정비형),44. 문래동2·3가 도시환경정비사업,문래동2가 14-84,정비구역지정,37.5128036,126.8929788
영등포구,재개발(도시정비형),영등포1-12 재정비촉진구역 재개발정비사업 조합,영등포동5가 22-3,조합설립인가,37.52095,126.9066
영등포구,재개발(도시정비형),35. 영등포1-19 재정비촉진구역,영등포동2가 333,정비구역지정,37.52125,126.91222
영등포구,재개발(도시정비형),40. 영등포1-24 재정비촉진구역,영등포동2가 170,정비구역지정,37.52125,126.91222
영등포구,재개발(도시정비형),46. 영등포동4가 도시환경정비구역,영등포동4가 423,정비계획 수립,37.51777,126.90368
성동구,재건축,한남하이츠아파트 주택재건축정비사업조합,옥수동 220-1,사업시행인가,37.54176,127.01648
마포구,재개발(주택정비형),공덕6구역 주택재개발 정비사업,공덕동 119,사업시행인가,37.549927,126.9592897
구로구,가로주택정비,고척6구역 가로주택정비사업,고척동 241-63,조합설립인가,37.5032363,126.8588409
동대문구,재개발(도시정비형),용두1구역(4지구) 도시정비형재개발사업(지정개발자방식),용두동 26-3,조합설립인가,37.57616,127.03476
동대문구,재개발(도시정비형),신이문역세권 장기전세주택 도시정비형 재개발사업,이문동 168-1,조합설립인가,37.60021,127.06124
영등포구,지역주택,(가칭)영등포대림 지역주택조합,대림동 700-1,조합원 모집신고,37.4957573,126.899936
성동구,재개발(도시정비형),(가칭)금호동2가 684번지 일원 도시정비형재개발정비사업,금호동2가 684,정비계획 수립,37.55311,127.0211
동대문구,재개발(주택정비형),답십리제18구역주택재개발정비사업조합,답십리동 98,조합해산,37.57002,127.05467
서초구,재건축,방배7구역 주택재건축정비사업조합,방배동 891-3,사업시행인가,37.4798789,126.9939103
은평구,재개발(도시정비형),수색1재정비촉진구역 도시환경정비사업 조합,수색동 366-6,조합설립인가,37.5851873,126.8948584
동대문구,재개발(주택정비형),용두5구역 주택재개발정비사업조합,용두동 253,조합해산,37.57616,127.03476
서대문구,재개발(주택정비형),가재울뉴타운7구역주택재개발정비사업조합,북가좌동 73-1,조합설립인가,37.57953,126.91156
마포구,재건축,아현2구역 주택재건축정비사업 조합(뉴타운),아현동 662,조합해산,37.5505624,126.9525116
금천구,재건축,금강연립주택재건축정비사업조합,시흥동 791-40,이전고시,37.4507049,126.9085555
서대문구,재건축,홍은동제6 주택재건축정비사업 조합,홍은동 13-25,준공인가,37.59296,126.93733
서초구,재건축,방배경남아파트 주택재건축정비사업조합,방배동 1028-1,조합청산,37.4798789,126.9939103
용산구,재개발(도시정비형),신용산역북측제2구역 도시정비형재개발정비사업조합,한강로2가 2-138,사업시행인가,37.53142,126.9685
마포구,재건축,창전1구역 주택재건축정비사업조합,창전동 27-19,조합해산,37.55007,126.92938
서초구,재건축,신반포20차아파트 주택재건축정비사업조합,잠원동 60-78,조합설립인가,37.5182544,127.0124028
광진구,재건축,모진연립 주택재건축정비사업조합,화양동 499-18,조합해산,37.54408,127.06895
은평구,재개발(주택정비형),수색9재정비촉진구역주택재개발정비사업조합,수색동 30-2,조합해산,37.5851873,126.8948584
송파구,재건축,잠실우성4차 주택재건축정비사업조합,잠실동 320,관리처분인가,37.5122807,127.0855986
성북구,재건축,정릉7 주택재건축정비사업 조합,정릉동 506-159,사업시행인가,37.61654,126.99794
성북구,재개발(주택정비형),길음제8구역 주택재개발정비사업조합,길음동 612-10,조합해산,37.6085308,127.0201946
서초구,재건축,서초중앙하이츠2구역 주택재건축정비사업조합,방배동 1000-3,사업시행인가,37.4798789,126.9939103
강서구,재건축,방화5재정비촉진구역 재건축정비사업조합,공항동 18,관리처분인가,37.5600688,126.7992567
강남구,재건축,압구정아파트지구 특별계획구역5 재건축정비사업조합,압구정동 490,조합설립인가,37.5300432,127.0313346
강남구,재건축,도곡삼호아파트 주택재건축정비사업조합,도곡동 540,착공,37.4878395,127.0438569
양천구,재건축,신정4재정비촉진구역 재건축정비사업조합,신정동 1200-1,관리처분인가,37.5162407,126.8521196
중랑구,가로주택정비,세광하니타운가로주택정비사업조합,중화동 296-44,착공,37.59755,127.07783
강남구,재건축,개포주공5단지아파트 재건축정비사업 조합,개포동 187,관리처분인가,37.48421,127.07006
성북구,재개발(도시정비형),신길음1구역 재개발정비사업 조합,길음동 31-1,조합설립인가,37.6085308,127.0201946
동작구,지역주택,동작상도역지역주택조합,상도동 154-30,지구단위계획수립/건축심의/교통심의,37.4988159,126.9441045
강동구,가로주택정비,암사동 495번지 일대 가로주택정비사업,암사동 495,조합설립인가,37.5582352,127.1308542
도봉구,재개발(주택정비형),도봉제2구역 주택재개발정비사업조합,도봉동 95,착공,37.6826056,127.0425405
노원구,재건축,공릉1(태릉현대) 주택재건축정비사업조합,공릉동 230,조합해산,37.63021,127.08818
노원구,재개발(주택정비형),월계제4구역 주택재개발정비사업조합,월계동 672,조합청산,37.6289,127.0567
은평구,재개발(주택정비형),수색6재정비촉진구역 주택재개발 정비사업조합,수색동 115-5,이전고시,37.5851873,126.8948584
서대문구,재개발(도시정비형),홍제3구역도시환경정비사업조합설립추진위원회,홍제동 306-2,추진위원회승인,37.5871,126.94676
서초구,재건축,방배6구역 주택재건축 정비사업 조합,방배동 818-14,이전고시,37.4798789,126.9939103
강남구,재건축,은마아파트 재건축정비사업조합,대치동 316,조합설립인가,37.4978065,127.0524018
강남구,재건축,개포주공4단지아파트 재건축정비사업 조합,개포동 189,준공인가,37.48421,127.07006
서대문구,재개발(도시정비형),홍제제2구역 도시환경정비사업조합,홍제동 326-5,조합설립인가,37.5871,126.94676
동작구,재개발(주택정비형),노량진5재정비촉진구역 조합,노량진동 270-3,관리처분인가,37.5110101,126.9414634
동작구,재개발(주택정비형),노량진6재정비촉진구역 조합,노량진동 294-220,착공,37.512613,126.942124
동작구,재개발(주택정비형),노량진2재정비촉진구역 조합,노량진동 312-75,착공,37.5110101,126.9414634
광진구,재건축,중앙연립 주택재건축정비사업조합,화양동 35-4,이전고시,37.54408,127.06895
영등포구,재건축,문래진주아파트 주택재건축정비사업조합,문래동5가 22,관리처분인가,37.51588,126.88411
은평구,재개발(주택정비형),수색7재정비촉진구역 주택재개발정비사업조합,수색동 189,분양,37.5851873,126.8948584
송파구,재건축,가락1차현대아파트 재건축정비사업 조합,문정동 3,사업시행인가,37.483062,127.1245623
구로구,재건축,길훈아파트 주택재건축정비사업조합,개봉동 312-38,착공,37.4931629,126.851736
동작구,재개발(도시정비형),흑석2재정비촉진구역 도시환경정비사업 조합설립추진위원회,흑석동 99-3,추진위원회승인,37.5064393,126.963687
송파구,재건축,문정동 136번지일대 주택재건축정비사업조합,문정동 136,이전고시,37.4831103,127.1291437
서초구,재건축,서초신동아아파트 주택재건축정비사업조합,서초동 1334,착공,37.48818,127.01751
서초구,재건축,방배13구역 주택재건축정비사업조합,방배동 541-2,철거,37.4798789,126.9939103
서초구,재건축,신성빌라 주택재건축정비사업조합,방배동 593-98,조합설립인가,37.4787937,126.9929225
서초구,재건축,서초우성1차아파트 재건축정비사업조합,서초동 1336,조합해산,37.48818,127.01751
용산구,재건축,이촌동제1구역 주택재건축정비사업 조합설립추진위원회,이촌동 203-75,추진위원회승인,37.52086,126.96612
영등포구,재개발(도시정비형),39. 영등포1-23 재정비촉진구역,영등포동2가 213,정비구역지정,37.52125,126.91222
영등포구,재개발(도시정비형),41. 영등포1-25 재정비촉진구역,영등포동2가 159,정비구역지정,37.52125,126.91222
구로구,가로주택정비,구로동 칠성아파트 가로주택정비사업조합,구로동 685-280,조합해산,37.4945849,126.8845477
강동구,재건축,둔촌동 삼익빌라 주택재건축정비사업조합,둔촌동 85-2,준공인가,37.5289579,127.1447659
금천구,재건축,무지개아파트 일대 재건축 정비사업 조합 ,시흥동 109,사업시행인가,37.4507049,126.9085555
송파구,재건축,가락프라자아파트 주택재건축정비사업조합,가락동 199,관리처분인가,37.49672,127.11744
강남구,재건축,일원개포한신아파트 재건축정비사업조합,일원동 615-1,관리처분인가,37.48754,127.08705
강남구,재건축,압구정아파트지구 특별계획구역③ 재건축정비사업 조합,압구정동 369-1,조합설립인가,37.5300432,127.0313346
구로구,소규모재건축,동양연립소규모재건축사업조합,궁동 171-1,조합설립인가,37.5006694,126.8280726
금천구,재건축,가산동 1구역 주택재건축정비사업조합설립 추진위원회,가산동 146-78,추진위원회승인,37.4753253,126.8863954
강동구,재개발(도시정비형),천호4촉진구역 도시환경정비사업 조합,천호동 410-100,준공인가,37.54294,127.12733
금천구,재건축,"독산동 4,5구역 주택재건축정비사업조합설립 추진위원회",독산동 147-20,추진위원회승인,37.468399,126.8979571
영등포구,재개발(도시정비형),43. 문래동1·2가 도시환경정비구역,문래동1가 70-1,정비구역지정,37.51217,126.89799
영등포구,재개발(도시정비형),21. 영등포1-5 재정비촉진구역,영등포동5가 46-4,정비구역지정,37.52095,126.9066
영등포구,재개발(도시정비형),22. 영등포1-6 재정비촉진구역,영등포동5가 64,정비구역지정,37.52095,126.9066
영등포구,재개발(도시정비형),23. 영등포1-7 재정비촉진구역,영등포동5가 49-1,정비구역지정,37.52095,126.9066
영등포구,재개발(도시정비형),30. 영등포1-14 재정비촉진구역,영등포동5가 34-16,정비구역지정,37.52095,126.9066
영등포구,재개발(도시정비형),32. 영등포1-16 재정비촉진구역,영등포동5가 34-46,정비구역지정,37.52095,126.9066
영등포구,재개발(도시정비형),33. 영등포1-17 재정비촉진구역,영등포동2가 34-75,정비구역지정,37.52125,126.91222
영등포구,재개발(도시정비형),36. 영등포1-20 재정비촉진구역,영등포동2가 256,정비구역지정,37.52125,126.91222
영등포구,재개발(도시정비형),38. 영등포1-22 재정비촉진구역,영등포동2가 328-11,정비구역지정,37.52125,126.91222
서초구,재건축,"반포주공1단지(1,2,4주구) 주택재건축정비사업 조합",반포동 810,착공,37.50312,127.0014
서초구,재건축,신반포25차아파트주택재건축정비사업조합설립추진위원회,잠원동 61-1,추진위원회승인,37.5182544,127.0124028
용산구,재개발(도시정비형),신용산역북측 제1구역 도시환경정비사업조합,한강로2가 2-116,사업시행인가,37.53142,126.9685
은평구,재건축,연희빌라주택재건축정비사업조합,구산동 307-1,조합해산,37.6122812,126.9082658
영등포구,재건축,유원제일2차아파트 재건축정비사업조합,당산동5가 7-2,사업시행인가,37.53208,126.90102
강동구,재건축,천호3 주택재건축정비사업조합,천호동 423-76,분양,37.54294,127.12733
동대문구,재개발(주택정비형),전농제9구역 공공재개발정비사업 주민대표회의,전농동 103-236,조합설립인가,37.5806,127.05543
서초구,재건축,반포미도1차아파트 재건축정비사업조합,반포동 60-4,조합설립인가,37.50312,127.0014
용산구,재개발(도시정비형),효창공원앞역역세권 도시정비형 재개발정비사업,효창동 5-307,정비계획 수립,37.54341,126.96037
용산구,재개발(도시정비형),빗물펌프장구역 도시정비형 재개발사업,한강로3가 40-881,정비계획 수립,37.5301847,126.9707731
용산구,재개발(도시정비형),한강로1가 도시정비형 재개발정비사업,한강로1가 231-30,정비계획 수립,37.53517,126.97404
관악구,재개발(주택정비형),신림5구역 재개발정비사업,신림동 412,정비계획 수립,37.4868971,126.928177
구로구,지역주택,개봉역 림괄지역주택조합 공동주택 신축공사,개봉동 199-4,,37.4931629,126.851736
구로구,가로주택정비,고척1구역 가로주택정비사업(홍진은성우정연립),고척동 241-2,조합설립인가,37.5032363,126.8588409
금천구,재개발(주택정비형),시흥1구역,시흥동 810,정비구역지정,37.4507049,126.9085555
중랑구,가로주택정비,면목본동3구역 가로주택정비사업,면목동 107-33,조합설립인가,37.58178,127.09034
성동구,재개발(주택정비형),사근동 293번지 일대,사근동 293,정비계획 수립,37.5589948,127.0480281
송파구,재건축,송파동 100번지 일대 조합설립추진위원회 ,송파동 100,추진위원회승인,37.50479,127.11369
영등포구,재개발(도시정비형),17. 영등포1-1 재정비촉진구역,영등포동7가 105-7,정비구역지정,37.5229698,126.909899
영등포구,재개발(도시정비형),24. 영등포1-8 재정비촉진구역,영등포동5가 38-3,정비구역지정,37.52095,126.9066
영등포구,재개발(도시정비형),26. 영등포1-10 재정비촉진구역,영등포동5가 100,정비구역지정,37.52095,126.9066
영등포구,재개발(도시정비형),37. 영등포1-21 재정비촉진구역,영등포동2가 299,정비구역지정,37.52125,126.91222
강북구,재건축,미아동 3-111 일대 주택재건축정비사업조합,미아동 3-111,조합해산,37.628995,127.0257543
송파구,재개발(주택정비형),마천4재정비촉진구역 주택재개발정비사업조합,마천동 323,관리처분인가,37.49803,127.15167
서초구,가로주택정비,한신양재 가로주택정비사업조합,양재동 18-12,조합설립인가,37.46838,127.0361
강동구,가로주택정비,천호동 107-33일대 가로주택정비사업,천호동 107-33,조합설립인가,37.54294,127.12733
서초구,재건축,반포우성아파트 재건축 조합,잠원동 74-1,조합해산,37.5182544,127.0124028
동작구,재건축,동작1 주택재건축 조합,동작동 102,착공,37.5028911,126.9775288
영등포구,재개발(도시정비형),25. 영등포1-9 재정비촉진구역,영등포동5가 81-1,정비구역지정,37.52095,126.9066
영등포구,재개발(도시정비형),34. 영등포1-18 재정비촉진구역,영등포동5가 6,정비구역지정,37.5205902,126.9040351
강남구,재건축,대치동 구마을 제3지구 재건축정비사업조합,대치동 964,준공인가,37.49882,127.06566
중랑구,가로주택정비,면목본동2구역 가로주택정비사업,면목동 106-5,조합설립인가,37.58178,127.09034
서초구,재건축,신반포13차 주택재건축정비사업 조합,잠원동 52-2,조합청산,37.5182544,127.0124028
서초구,재건축,신반포4차아파트 재건축정비사업조합,잠원동 70,조합설립인가,37.5182544,127.0124028
강남구,재건축,대치쌍용1차아파트 주택재건축정비사업조합,대치동 66,사업시행인가,37.5024779,127.0672833
서초구,재건축,신반포14차 주택재건축정비사업 조합,잠원동 74,조합해산,37.5182544,127.0124028
강서구,재건축,방화3재정비촉진구역 재건축정비사업조합,방화동 615-103,사업시행인가,37.57682,126.81422
동대문구,가로주택정비,장안동 326번지 일대 가로주택정비사업 조합,장안동 326,조합설립인가,37.57105,127.06806
강남구,재건축,대치제2지구 재건축정비사업조합,대치동 977,이전고시,37.49882,127.06566
서초구,재건축,신반포4지구 재건축정비사업조합,잠원동 60-3,준공인가,37.5182544,127.0124028
동작구,재건축,사당5주택재건축정비사업조합,사당동 303,사업시행인가,37.4856963,126.9723525
서초구,가로주택정비,남양연립주택재건축정비사업조합,서초동 1611-1,이전고시,37.48818,127.01751
동작구,재개발(주택정비형),흑석11재정비촉진구역 주택재개발정비사업조합,흑석동 304,철거,37.5064393,126.963687
마포구,재건축,망원동438주택재건축정비사업조합,망원동 438-46,조합해산,37.55586,126.90087
강남구,재건축,대치쌍용2차아파트 주택재건축정비사업조합,대치동 65,사업시행인가,37.5020231,127.0643381
서초구,재건축,신반포7차아파트주택재건축정비사업조합,잠원동 65-32,조합설립인가,37.5182544,127.0124028
강동구,가로주택정비,동도연립 가로주택정비사업조합,천호동 39-4,조합해산,37.54294,127.12733
용산구,재건축,신동아아파트재건축정비사업조합,서빙고동 241-21,조합설립인가,37.5176907,126.9912397
송파구,재건축,가락삼익맨숀아파트 재건축정비사업 조합,송파동 166,관리처분인가,37.50479,127.11369
강남구,재건축,압구정아파트지구 특별계획구역4,압구정동 481,조합설립인가,37.5300432,127.0313346
송파구,재건축,삼환가락아파트 재건축정비사업 조합,가락동 176,관리처분인가,37.49672,127.11744
용산구,재건축,중산아파트 주택재건축정비사업 조합설립추진위원회,이촌동 211-2,추진위원회승인,37.52086,126.96612
강남구,재건축,"개포주공6,7단지아파트 재건축정비사업조합",개포동 185,사업시행인가,37.48421,127.07006
송파구,재건축,가락상아1차아파트 재건축사업 조합,오금동 166,관리처분인가,37.50355,127.13379
강남구,재건축,개포시영아파트 중심상가 재건축정비사업조합,개포동 656-3,이전고시,37.48421,127.07006
용산구,재개발(도시정비형),정비창전면 제1구역 재개발 정비사업조합,한강로3가 40-641,조합설립인가,37.5304765,126.9700236
동대문구,재건축,장안동 현대아파트 재건축정비사업조합,장안동 95-1,사업시행인가,37.57105,127.06806
성북구,소규모재건축,동신아파트소규모재건축정비사업,하월곡동 70-4,사업시행인가,37.60444,127.03764
중랑구,가로주택정비,중화역 2의1구역 가로주택정비사업,중화동 329-38,조합설립인가,37.59755,127.07783
중랑구,가로주택정비,중화역 2의2구역 가로주택정비사업,중화동 329-30,조합설립인가,37.59755,127.07783
중랑구,가로주택정비,중화역 2의5구역 가로주택정비사업,중화동 317-45,조합설립인가,37.59755,127.07783
영등포구,재개발(도시정비형),영등포 대선제분 일대 재개발1구역 제1지구,문래동3가 16-32,사업시행인가,37.51702,126.89591
성북구,가로주택정비,석관1-3구역 가로주택정비사업 조합,석관동 261-98,조합설립인가,37.60789,127.06116
중랑구,지역주택,(가칭)용마산역세권지역주택조합,면목동 371-134,조합창립총회,37.5817944,127.0910424
강서구,지역주택,송정역지역주택조합,공항동 61-42,,37.5556799,126.7931257
강서구,지역주택,(가칭)공항동지역주택조합,공항동 14,,37.558749,126.8022486
강서구,지역주택,(가칭)방화지역주택조합,공항동 21,조합원 모집신고,37.560158,126.7977936
동작구,가로주택정비,사당동 206대시 1번지 일원 가로주택정비사업,사당동 206-1,조합설립인가,37.4856963,126.9723525
금천구,소규모재건축,석수빌라 소규모 재건축 사업 조합,시흥동 1004,사업시행인가,37.4507049,126.9085555
중랑구,재건축,중화우성타운 재건축정비사업,중화동 195-2,조합설립인가,37.59755,127.07783
구로구,재개발(주택정비형),가리봉1구역 주택정비형 재개발사업,가리봉동 115,추진위원회승인,37.4838745,126.8889756
양천구,재개발(주택정비형),목2동 232번지 일대 주택정비형 재개발사업조합,목동 232,추진위원회승인,37.5502462,126.8642911
강북구,가로주택정비,번동3-1구역 가로주택정비사업 조합,번동 413-44,조합설립인가,37.62929,127.03684
영등포구,지역주택,(가칭)뉴신길지역주택조합,신길동 420-92,조합원 모집신고,37.5065214,126.9119108
서대문구,가로주택정비,홍은동355번지 일대 가로주택정비사업,홍은동 355,철거,37.59296,126.93733
영등포구,재개발(주택정비형),신길역세권 재개발정비사업조합,신길동 39-3,조합설립인가,37.5065214,126.9119108
관악구,재건축,미성동 건영아파트  재건축정비사업 조합,신림동 746-43,조합설립인가,37.4868971,126.928177
송파구,재건축,한양3차아파트 재건축정비사업조합,방이동 225,사업시행인가,37.5141564,127.1195472
영등포구,재건축,신길우성2·우창아파트주택재건축정비사업(신탁방식-한국자산신탁),신길동 4518,사업시행인가,37.5065214,126.9119108
강북구,가로주택정비,번동2구역 가로주택정비사업조합,번동 429-97,사업시행인가,37.62929,127.03684
송파구,재건축,송파미성아파트 재건축정비사업조합,송파동 161,조합설립인가,37.50479,127.11369
영등포구,재개발(도시정비형),영등포유통상가 시장정비사업 조합설립추진위원회,당산동2가 30-2,추진위원회승인,37.5224036,126.89391
용산구,가로주택정비,서계동116번지 가로주택정비사업조합,서계동 116,조합설립인가,37.55234,126.96595
은평구,재개발(주택정비형),공공주택복합사업 조합(임시),불광동 329-13,정비계획 수립,37.6160647,126.9339579
은평구,재개발(주택정비형),응암3동 재개발 연계형 도시재생활성화사업(A구역),응암동 700,정비계획 수립,37.59418,126.92555
은평구,재개발(주택정비형),응암3동 재개발 연계형 도시재생활성화사업(B구역),응암동 755,정비계획 수립,37.59418,126.92555
강동구,가로주택정비,천호동 221번지 일대 가로주택정비사업,천호동 221,조합설립인가,37.54294,127.12733
동작구,지역주택,(가칭)보라매지역주택조합,신대방동 364-190,조합창립총회,37.4914562,126.9166688
금천구,가로주택정비,시흥동 923번지일대 가로주택정비사업,시흥동 923,조합설립인가,37.4507049,126.9085555
서대문구,재개발(도시정비형),(가칭)북아현4재정비촉진구역,북아현동 221-7,정비계획 수립,37.5594721,126.9552494
영등포구,재개발(도시정비형),여의대방신길역세권 장기전세주택사업(도시정비형 재개발),신길동 1343,정비계획 수립,37.5065214,126.9119108
영등포구,재개발(도시정비형),도림2동 역세권 장기전세주택사업(도시정비형 재개발),도림동 239-12,정비계획 수립,37.5082619,126.8993866
영등포구,가로주택정비,당산삼익 가로주택정비사업,당산동3가 394,추진위원회승인,37.52616,126.89724
중랑구,재개발(주택정비형),면목7구역 주택정비형 재개발사업,면목동 69-14,조합설립인가,37.58178,127.09034
동대문구,재개발(주택정비형),휘경제5 주택정비형 재개발구역,휘경동 43-188,추진위원회승인,37.5860487,127.0701264
서초구,재개발(도시정비형),내방세권역활성화사업,방배동 872-11,추진위원회승인,37.4798789,126.9939103
송파구,가로주택정비,풍납동 성도연립 가로주택정비사업,풍납동 406,조합해산,37.53387,127.11094
송파구,가로주택정비,오금동143번지일원 가로주택정비사업,오금동 143-1,관리처분인가,37.50355,127.13379
강서구,가로주택정비,화곡동 1130-7번지 일대 가로주택정비사업조합,화곡동 1130-7,조합설립인가,37.54208,126.84656
용산구,재개발(도시정비형),용산역전면 제1-2구역 재개발사업 조합설립추진위원회,한강로3가 40-712,추진위원회승인,37.52754,126.96297
서초구,재건축,방배삼호아파트 주택재건축정비사업 조합설립추진위원회,방배동 758-4,추진위원회승인,37.4798789,126.9939103
동대문구,재건축,제기1주택재건축정비구역(지정개발자방식),제기동 892-68,착공,37.5783784,127.0344672
송파구,재개발(주택정비형),마천1재정비촉진구역 주택재개발정비사업조합,마천동 194-1,조합설립인가,37.49803,127.15167
강북구,가로주택정비,번동 4구역 가로주택 정비사업 조합,번동 428-4,사업시행인가,37.62929,127.03684
성북구,가로주택정비,장위11-1구역 가로주택정비사업 조합,장위동 68-435,조합설립인가,37.6099135,127.0460782
강북구,가로주택정비,미아1구역 가로주택정비사업 조합,미아동 833-2,조합설립인가,37.628995,127.0257543
동작구,지역주택,장승배기역 지역주택조합,상도동 363-117,조합설립인가,37.4988159,126.9441045
동작구,지역주택,(가칭)상도메트로타운 지역주택조합 추진위원회,상도동 159-52,조합원 모집신고,37.4988159,126.9441045
영등포구,가로주택정비,여의대방 가로주택정비사업,신길동 4-79,추진위원회승인,37.5065214,126.9119108
영등포구,가로주택정비,영등포동7가 64-3 가로주택정비사업,영등포동7가 64-3,추진위원회승인,37.5236083,126.9038853
영등포구,가로주택정비,보령금강연립 가로주택정비사업,대림동 786,조합설립인가,37.4957573,126.899936
영등포구,소규모재건축,세원빌라 소규모재건축,신길동 3923,추진위원회승인,37.5065214,126.9119108
영등포구,재개발(도시정비형),대선제분 일대 도시정비형 재개발2구역,문래동1가 13,정비계획 수립,37.51217,126.89799
동작구,지역주택,(가칭)사당3동 양지지역주택조합 추진위원회,사당동 220-70,조합원 모집신고,37.4856963,126.9723525
중랑구,가로주택정비,면목역 6의1구역 가로주택정비사업,면목동 63-28,조합설립인가,37.58178,127.09034
성동구,재개발(도시정비형),(가칭)금호동2가 421-1번지 일원 도시정비형 재개발정비사업,금호동2가 421-1,정비계획 수립,37.55311,127.0211
마포구,가로주택정비,성산동 165-72일원 가로주택정비사업,성산동 165-72,조합설립인가,37.56775,126.90263
강동구,재건축,명일동 신동아아파트 재건축정비사업,명일동 44,안전진단,37.54841,127.15158
강동구,가로주택정비,현대하이츠빌라가로주택정비사업조합,명일동 263-2,착공,37.54841,127.15158
중랑구,가로주택정비,대명삼보연립 가로주택정비사업,중화동 1-1,관리처분인가,37.59755,127.07783
송파구,재건축,오금현대아파트 주택재건축정비사업구역,오금동 43,조합설립인가,37.50355,127.13379
영등포구,재건축,여의도 은하아파트 재건축정비사업,여의도동 52,조합설립인가,37.5267088,126.9238
마포구,지역주택,무쇠막2 지역주택조합,신수동 91-318,,37.5441441,126.9378837
은평구,재개발(도시정비형),역촌역세권(대조동) 장기전세주택 도시정비형재개발사업,대조동 59-1,추진위원회승인,37.61261,126.9227835
영등포구,재건축,문래국화아파트 재건축정비사업,문래동3가 76-1,조합설립인가,37.51702,126.89591
마포구,소규모재건축,공덕현대아파트 소규모재건축정비사업 조합,공덕동 370-9,조합설립인가,37.549927,126.9592897
마포구,지역주택,(가칭)상수역지역주택조합 추진위원회,상수동 334-11,조합원 모집신고,37.54743,126.92473
영등포구,지역주택,(가칭)대림1동지역주택조합,대림동 893-47,조합원 모집신고,37.4957573,126.899936
광진구,재건축,자양한양아파트 재건축정비사업,자양동 695,추진위원회승인,37.5329735,127.0727409
중랑구,소규모재건축,장미아파트 소규모재건축정비사업조합,묵동 188-1,조합설립인가,37.61083,127.08109
송파구,가로주택정비,오금동35-1번지일대 가로주택정비사업,오금동 35-1,조합설립인가,37.50355,127.13379
강북구,가로주택정비,미아2구역 가로주택정비사업조합,미아동 90-45,조합설립인가,37.628995,127.0257543
마포구,가로주택정비,망원동 456번지 가로주택정비사업,망원동 456-2,조합설립인가,37.55586,126.90087
마포구,가로주택정비,망원동 459번지 가로주택정비사업,망원동 459-1,조합설립인가,37.55586,126.90087
동작구,지역주택,사당3동 지역주택조합,사당동 155-4,조합원 모집신고,37.4856963,126.9723525
강남구,재건축,개포우성6차아파트 재건축정비사업조합,개포동 658-1,조합설립인가,37.48421,127.07006
마포구,재개발(도시정비형),합정역세권 도시정비형 재개발구역,합정동 376-3,정비계획 수립,37.5477846,126.9095636
금천구,지역주택,독산지역주택조합,독산동 954,사업계획승인,37.468399,126.8979571
중랑구,가로주택정비,면목역2의1구역 가로주택정비사업,면목동 139-52,조합설립인가,37.58178,127.09034
은평구,재개발(도시정비형),새절역세권(신사동) 장기전세주택 건립사업,신사동 338-41,정비계획 수립,37.59547,126.90718
은평구,가로주택정비,대조동 A2구역 가로주택정비사업,대조동 92-5,조합설립인가,37.61261,126.9227835
중랑구,가로주택정비,면목동 1-4번지 일원 가로주택정비사업,면목동 1-4,조합설립인가,37.5804084,127.0878903
종로구,재개발(도시정비형),신문로 2-12구역 공공재개발 정비사업,신문로1가 158,추진위원회승인,37.57017,126.97417
강남구,재건축,도곡우성아파트 재건축정비사업 조합,도곡동 934-10,조합설립인가,37.4878395,127.0438569
중구,재개발(주택정비형),신당제6구역주택재개발정비사업조합,신당동 80,조합해산,37.5636348,127.0205556
성북구,가로주택정비,정릉동 385-1번지 일대 가로주택정비사업 조합,정릉동 385-1,조합설립인가,37.61654,126.99794
강동구,재개발(주택정비형),천호동 397-419번지 일대 주택정비형재개발사업조합,천호동 397-419,조합설립인가,37.54294,127.12733
강동구,가로주택정비,천호동 337-30번지 일대 가로주택정비사업,천호동 337-30,조합설립인가,37.54294,127.12733
서대문구,재개발(주택정비형),홍은15구역 주택정비형 재개발사업,홍은동 8-400,정비구역지정,37.59296,126.93733
서대문구,가로주택정비,홍제동266-238번지 일대 가로주택정비사업,홍제동 266-238,조합설립인가,37.5871,126.94676
중구,재개발(주택정비형),중림동 398번지 일대 재개발정비사업조합,중림동 398,조합설립인가,37.5567609,126.9663037
노원구,재건축,중계그린아파트 재건축사업,중계동 502-1,추진위원회승인,37.64802,127.07678
영등포구,재개발(주택정비형),대림1구역 신속통합기획,대림동 855-1,추진위원회승인,37.4957573,126.899936
중랑구,가로주택정비,면목역1구역 가로주택정비사업,면목동 1271,조합설립인가,37.58178,127.09034
중랑구,가로주택정비,면목역4구역 가로주택정비사업,면목동 99-41,조합설립인가,37.58178,127.09034
마포구,가로주택정비,망원동 454-3 가로주택정비사업(신탁사업시행자방식),망원동 454-3,조합설립인가,37.55586,126.90087
동작구,지역주택,상도동 약수터지역주택조합 추진위원회,상도동 210-110,,37.4988159,126.9441045
구로구,가로주택정비,진주빌라,개봉동 298-33,조합설립인가,37.4931629,126.851736
강동구,가로주택정비,천호동 225-16번지 일원 가로주택정비사업,천호동 225-16,조합설립인가,37.54294,127.12733
성북구,가로주택정비,석관1의8구역 가로주택정비사업조합,석관동 332-179,조합설립인가,37.60789,127.06116
강동구,재건축,고덕현대아파트 재건축정비사업,명일동 56,안전진단,37.54841,127.15158
성북구,지역주택,정릉역지역주택조합,정릉동 452-3,조합원 모집신고,37.61654,126.99794
성북구,지역주택,돈암동역세권지역주택조합,돈암동 624,조합규약작성,37.59742,127.01841
영등포구,재개발(주택정비형), 도림1구역 공공재개발,도림동 26-21,정비계획 수립,37.5082619,126.8993866
영등포구,재건축,장미아파트 재건축정비사업,여의도동 40,안전진단,37.5197822,126.9390758
영등포구,재건축,서울아파트 재건축정비사업,여의도동 21-1,안전진단,37.5267088,126.9238
영등포구,재건축,여의도 진주아파트 재건축정비사업,여의도동 54,추진위원회승인,37.5297826,126.9245044
영등포구,재건축,신길우성3차아파트 재건축정비사업,신길동 4656,안전진단,37.5065214,126.9119108
영등포구,재건축,당산현대3차아파트 재건축정비사업,당산동4가 88,안전진단,37.52915,126.89894
영등포구,재건축,대림우성아파트 재건축정비사업,대림동 696,안전진단,37.4957573,126.899936
영등포구,재건축,양평현대2차아파트 재건축정비사업,양평동3가 79-4,안전진단,37.5282501,126.8914746
성북구,가로주택정비,석관1의2구역 가로주택정비사업,석관동 332-113,조합설립인가,37.60789,127.06116
서초구,가로주택정비,방배대우가로주택정비사업,방배동 562-1,조합설립인가,37.4798789,126.9939103
강북구,가로주택정비,번동3-2구역 가로주택정비사업,번동 443-46,조합설립인가,37.62929,127.03684
강서구,가로주택정비,양지빌라 가로주택정비사업조합,염창동 253-1,조합설립인가,37.5553472,126.8725283
서대문구,재개발(도시정비형),홍제역세권 도시정비형 재개발정비사업조합,홍제동 311-1,정비계획 수립,37.5871,126.94676
성동구,재건축,마장세림아파트 주택재건축사업,마장동 784,조합설립인가,37.56743,127.04045
동대문구,지역주택,(가칭)전농지역주택조합,전농동 60,지구단위계획수립/건축심의/교통심의,37.5806,127.05543
영등포구,재건축,광장아파트 38-1 재건축정비사업조합,여의도동 38-1,조합설립인가,37.5267088,126.9238
강서구,가로주택정비,서울빌라 가로주택정비사업조합,방화동 584-1,조합설립인가,37.57682,126.81422
영등포구,재건축,여의도 공작아파트 재건축정비사업,여의도동 21-2,조합설립인가,37.5267088,126.9238
강북구,재개발(도시정비형),강북5구역 공공재개발사업,미아동 61-79,조합설립인가,37.628995,127.0257543
강서구,리모델링,염창무학아파트 리모델링주택조합,염창동 255,지구단위계획수립/건축심의/교통심의,37.5553472,126.8725283
동작구,지역주택,대방동 지역주택조합,대방동 11-103,조합설립인가,37.5067997,126.9291349
광진구,가로주택정비,화양동 32-12번지 가로주택정비사업,화양동 32-12,조합설립인가,37.54408,127.06895
강북구,가로주택정비,번동2-3구역 가로주택정비사업,번동 471-118,조합설립인가,37.62929,127.03684
중랑구,가로주택정비,면목역 3의2구역 가로주택정비사업조합,면목동 153-51,조합설립인가,37.58178,127.09034
송파구,리모델링,가락쌍용1차아파트 리모델링주택조합,가락동 140,조합설립인가,37.49672,127.11744
관악구,가로주택정비,봉천동 1535번지 일원 가로주택정비사업,봉천동 1535-37,조합설립인가,37.484665,126.9484961
강동구,재개발(주택정비형),천호동 461-31번지 일대 재개발정비사업(천호 A1-2),천호동 461-31,조합설립인가,37.54294,127.12733
양천구,재개발(주택정비형),신월7동 1구역 주택재개발정비사업,신월동 913,조합설립인가,37.52782,126.83692
구로구,재건축,우신빌라 재건축정비사업,궁동 213-27,조합설립인가,37.5006694,126.8280726
광진구,소규모재건축,광장동 삼성1차아파트 소규모재건축정비사업,광장동 561,조합설립인가,37.54711,127.10414
강서구,가로주택정비,방화동 286-1 한미아파트 가로주택정비사업조합,방화동 286-1,조합설립인가,37.57682,126.81422
광진구,재개발(주택정비형),자양4동 A구역 주택재개발사업,자양동 57-90,정비계획 수립,37.5329735,127.0727409
동대문구,재개발(주택정비형),동성빌라일대 주택재개발정비사업 추정분담금 검토위,휘경동 43,추진위원회승인,37.58773,127.06526
중랑구,재개발(주택정비형),중화5구역 공공재개발정비사업,중화동 122,조합설립인가,37.59755,127.07783
구로구,재개발(도시정비형),남구로역세권 공공임대주택 도시정비형 재개발사업,구로동 715-24,사업시행인가,37.4945849,126.8845477
관악구,지역주택,(가칭)봉천동 지역주택조합 추진위원회,봉천동 690,조합원 모집신고,37.484665,126.9484961
관악구,지역주택,행운스타리움지역주택조합,봉천동 26,조합원 모집신고,37.484665,126.9484961
중구,지역주택,황학동 청계 지역주택조합,황학동 2085,사업계획승인,37.5675499,127.02172
중구,지역주택,(가칭)황학동1010일대 지역주택조합,황학동 1010,조합원 모집신고,37.5675499,127.02172
성북구,가로주택정비,장위13의9구역 가로주택정비사업,장위동 232-125,조합설립인가,37.6160221,127.05025
마포구,지역주택,신공덕지역주택조합,신공덕동 6-3,조합규약작성,37.5447,126.95606
관악구,가로주택정비,신림동 655-78번지 일원 가로주택정비사업,신림동 655-78,조합설립인가,37.4868971,126.928177
송파구,재건축,대림가락아파트 재건축정비사업조합,방이동 217,조합설립인가,37.5141564,127.1195472
영등포구,재개발(도시정비형),신길4구역 도심공공주택복합사업,신길동 4918-5,정비계획 수립,37.5065214,126.9119108
강서구,재건축,신안빌라주택재건축정비사업조합설립추진위원회,마곡동 327-53,정비구역지정,37.566575,126.826243
송파구,지역주택,(가칭)송파역지역주택조합,송파동 100,,37.50479,127.11369
송파구,지역주택,(가칭)오금역 지역주택조합,오금동 36-1,조합원 모집신고,37.50355,127.13379
송파구,지역주택,(가칭)석촌역지역주택조합,석촌동 287,조합원 모집신고,37.5024827,127.103495
서초구,리모델링,미주파스텔아아파트 리모델링주택조합,잠원동 54,,37.5182544,127.0124028
송파구,재개발(주택정비형),마천2재정비촉진구역 주택재개발정비사업,마천동 183-1,정비계획 수립,37.49803,127.15167
금천구,가로주택정비,시흥동 933번지 일대 가로주택정비사업,시흥동 933,조합설립인가,37.4507049,126.9085555
은평구,재개발(도시정비형),구산역세권(역촌동) 장기전세주택 건립사업,역촌동 13-1,정비계획 수립,37.605,126.91198
마포구,재개발(도시정비형),광흥창역세권(구수동) 도시정비형 재개발구역,구수동 16-1,정비계획 수립,37.54616,126.93299
광진구,가로주택정비,자양번영로3나길 일대 가로주택정비사업,자양동 588-22,조합설립인가,37.5329735,127.0727409
영등포구,재건축,여의도 삼익아파트 재건축정비사업,여의도동 51,조합설립인가,37.5267088,126.9238
성북구,재개발(주택정비형),석관4구역 주택정비형 재개발사업,석관동 62-1,정비계획 수립,37.60789,127.06116
중랑구,가로주택정비,중화역 2의3구역 가로주택정비사업,중화동 327-49,조합설립인가,37.59755,127.07783
용산구,재개발(도시정비형),서울역세권(청파동1가 46번지 일대) 도시정비형 재개발정비사업,청파동1가 46,정비계획 수립,37.5488,126.96668
용산구,재개발(도시정비형),이촌역 역세권 장기전세주택 도시정비형 재개발사업,한강로3가 65-342,정비계획 수립,37.5241158,126.9682808
용산구,재개발(도시정비형),원효로1가 역세권 장기전세주택 도시정비형 재개발사업,원효로1가 82-1,정비계획 수립,37.5397,126.96696
중랑구,가로주택정비,면목본동5구역 가로주택정비사업,면목동 109-2,조합설립인가,37.58178,127.09034
구로구,재개발(도시정비형),천왕3역세권,오류동 206-2,추진위원회승인,37.4910095,126.8377379
동작구,지역주택,(가칭)이수역지역주택조합 추진위원회,사당동 161-55,조합설립인가,37.4856963,126.9723525
동작구,지역주택,(가칭)이수지역주택조합 추진위원회,사당동 156-3,,37.4856963,126.9723525
동작구,지역주택,상도스타리움 지역주택조합,상도동 182-13,,37.4988159,126.9441045
용산구,소규모재건축,풍전아파트소규모재건축정비사업조합,원효로4가 109-4,조합설립인가,37.53211,126.95127
금천구,가로주택정비,시흥동 817번지 일대 가로주택정비사업 조합,시흥동 817,조합설립인가,37.4507049,126.9085555
영등포구,지역주택,(가칭)도림사거리역지역주택조합,신길동 325-57,조합원 모집신고,37.5065214,126.9119108
강동구,가로주택정비,천호동145-66 일원 가로주택정비사업조합,천호동 145-66,조합설립인가,37.54294,127.12733
성북구,재개발(주택정비형),종암9구역 주택정비형 재개발사업,종암동 125-35,추진위원회승인,37.59631,127.03333
동작구,가로주택정비,사당동 192-1번지일대 신남성연립 가로주택정비사업조합,사당동 192-1,조합설립인가,37.4856963,126.9723525
중랑구,가로주택정비,상봉역4구역 가로주택정비사업조합,상봉동 304-4,조합설립인가,37.60002,127.09283
동작구,재개발(도시정비형),흑석2재정비촉진구역 재개발정비사업,흑석동 99-3,조합설립인가,37.5064393,126.963687
동작구,지역주택,(가칭)상도트인시아지역주택조합 추진위원회,상도동 194-27,조합원 모집신고,37.4988159,126.9441045
성북구,가로주택정비,석관1의1구역 가로주택정비사업,석관동 334-69,조합설립인가,37.60789,127.06116
성동구,재개발(도시정비형),행당동248번지 일대 역세권활성화사업 도시정비형 재개발사업,행당동 248,추진위원회승인,37.55783,127.03571
구로구,재개발(주택정비형),오류동 4번지 일대 주택재개발정비사업,오류동 4,정비계획 수립,37.4942849,126.8446486
영등포구,지역주택,(가칭)여의샛강지역주택조합,신길동 1367-1,조합원 모집신고,37.5065214,126.9119108
성북구,재개발(주택정비형),장위8구역 공공재개발정비사업,장위동 85,조합설립인가,37.6162,127.05086
관악구,재개발(주택정비형),신림7구역 재개발정비사업,신림동 675,정비구역지정,37.4868971,126.928177
중랑구,가로주택정비,면목역 3의3구역 가로주택정비사업조합,면목동 154-31,조합설립인가,37.58178,127.09034
송파구,재개발(주택정비형),거여새마을구역(LH),거여동 549,사업시행인가,37.48921,127.14667
광진구,가로주택정비,자양1의4구역 가로주택정비사업,자양동 249-2,조합설립인가,37.5329735,127.0727409
강동구,재개발(도시정비형),천호8재정비촉진구역 도시정비형 재개발사업 조합,천호동 166-4,조합설립인가,37.54294,127.12733
은평구,재개발(주택정비형),불광8 주택정비형 재개발사업,불광동 600,조합설립인가,37.6160647,126.9339579
용산구,가로주택정비,한남동 한성아파트 가로주택정비사업,한남동 29-4,조합설립인가,37.53822,127.0074
동대문구,재개발(도시정비형),전농13구역 도시정비형 재개발사업 조합,전농동 295,정비구역지정,37.5806,127.05543
강북구,가로주택정비,미아3구역 가로주택정비사업조합,미아동 767-51,조합설립인가,37.628995,127.0257543
중랑구,재건축,신일빌라 소규모재건축정비사업조합,신내동 482-1,철거,37.61182,127.09298
구로구,재개발(주택정비형),개봉동 49번지 일대 정비사업,개봉동 49,정비계획 수립,37.4931629,126.851736
중랑구,재개발(주택정비형),(임시)면목동 172-1일대 민간재개발사업,면목동 172-1,정비계획 수립,37.58178,127.09034
구로구,지역주택,(가칭)개봉역 지역주택조합사업,개봉동 170-35,조합원 모집신고,37.4931629,126.851736
서대문구,가로주택정비,홍은동277-200번지 일대 가로주택정비사업,홍은동 277-200,착공,37.5933933,126.9375964
성북구,소규모재건축,이화연립소규모재건축정비사업,정릉동 895,조합설립인가,37.61654,126.99794
송파구,재개발(주택정비형),마천5재정비촉진구역 재개발정비사업조합,마천동 45,조합설립인가,37.4997473,127.1484726
송파구,가로주택정비,오금동147번지일원 가로주택정비사업,오금동 147,관리처분인가,37.50355,127.13379
종로구,재개발(도시정비형),창신1-10구역 도시정비형 재개발사업 지정개발자(무궁화신탁),창신동 427-7,조합설립인가,37.57595,127.01313
종로구,가로주택정비,숭인동 61번지 일대 가로주택정비사업,숭인동 61-103,조합설립인가,37.57648,127.01848
영등포구,재건축,초원아파트 재건축정비사업,여의도동 11-1,안전진단,37.5267088,126.9238
영등포구,재건축,신길우성1차아파트 재건축정비사업,신길동 365,추진위원회승인,37.5065214,126.9119108
영등포구,재건축,당산한양아파트 재건축정비사업,당산동3가 2-6,안전진단,37.52616,126.89724
영등포구,재건축,문래공원한신아파트 재건축정비사업,문래동3가 77-2,안전진단,37.51702,126.89591
금천구,가로주택정비,시흥5동1구역 919번지일원 가로주택정비사업,시흥동 919,조합설립인가,37.4507049,126.9085555
종로구,재개발(주택정비형),창신동 23일대 주택정비형 재개발구역,창신동 23-2,정비구역지정,37.57595,127.01313
강남구,재건축,개포주공2단지 주택재건축정비사업조합,개포동 140,조합해산,37.48421,127.07006
영등포구,가로주택정비,영등포동2가 439일대 가로주택정비사업,영등포동2가 439,조합해산,37.52125,126.91222
영등포구,가로주택정비,영등포동2가 34-81 가로주택정비사업,영등포동2가 34-81,추진위원회승인,37.52125,126.91222
구로구,가로주택정비,고척동 241-337번지 일대 가로주택정비사업,고척동 241-337,조합설립인가,37.5023851,126.8628501
은평구,재개발(주택정비형),"(임시)신사동200,237번지 일대",신사동 200,정비계획 수립,37.59547,126.90718
마포구,재개발(도시정비형),광흥창역세권(현석동) 도시정비형 재개발사업,현석동 1-31,정비계획 수립,37.54254,126.93469
도봉구,가로주택정비,도봉동 625-80번지 일대 가로주택정비사업,도봉동 625-80,조합설립인가,37.6826056,127.0425405
도봉구,가로주택정비,방학성삼빌라가로주택정비사업,방학동 343,사업시행인가,37.66442,127.03333
도봉구,가로주택정비,신창연립가로주택정비사업,창동 581-3,조합설립인가,37.64643,127.04326
도봉구,소규모재건축,대신빌라소규모재건축사업,창동 466,사업시행인가,37.64643,127.04326
구로구,재건축,고척동 한효아파트 재건축정비사업,고척동 52-332,조합설립인가,37.5010165,126.8562252
용산구,재개발(도시정비형),남영동 업무지구 제2구역 도시정비형 재개발사업 조합,갈월동 92,조합설립인가,37.5460049,126.9729956
노원구,가로주택정비,오성빌라 가로주택정비사업 조합,상계동 322-8,사업시행인가,37.66727,127.07242
서초구,지역주택,삼성홈스테이 지역주택조합,서초동 1478-12,,37.4878168,127.0163009
중랑구,가로주택정비,면목역 3의1구역 가로주택정비사업조합,면목동 152-1,조합설립인가,37.58178,127.09034
영등포구,재개발(주택정비형),당산1구역 주택재개발사업,당산동6가 104,추진위원회승인,37.5369887,126.8960409
강북구,재개발(주택정비형),번동 148번지 일대 주택정비형 재개발사업,번동 148,추진위원회승인,37.62929,127.03684
강북구,재개발(주택정비형),미아동 258번지 일대 주택정비형 재개발사업,미아동 258,추진위원회승인,37.628995,127.0257543
동작구,가로주택정비,노량진역 은하맨션 일대 가로주택정비사업 조합,노량진동 84-24,조합설립인가,37.5110101,126.9414634
강서구,지역주택,(가칭)화곡6동지역주택조합,화곡동 1133-7,,37.54208,126.84656
강서구,지역주택,(가칭)화곡1지역주택조합,화곡동 424-63,조합원 모집신고,37.542134,126.8441752
강서구,지역주택,(가칭)등촌동지역주택조합,등촌동 365,지구단위계획수립/건축심의/교통심의,37.5577277,126.8482096
영등포구,지역주택,(가칭)신길지역주택조합 추진위원회,신길동 442-2,조합규약작성,37.5065214,126.9119108
강동구,재개발(주택정비형),천호동 532-2번지 재개발사업,천호동 532-2,조합설립인가,37.54294,127.12733
중랑구,재개발(주택정비형),상봉13구역 재개발정비사업 조합설립추진위원회,망우동 461,추진위원회승인,37.60178,127.1054
중랑구,재개발(도시정비형),상봉10재정비촉진구역 도시정비형 재개발사업,상봉동 50-1,추진위원회승인,37.60002,127.09283
중랑구,가로주택정비,상봉역5구역 가로주택정비사업,중화동 215-6,조합설립인가,37.59755,127.07783
강서구,소규모재건축,대근연립소규모재건축사업조합,화곡동 73-105,조합설립인가,37.54208,126.84656
성북구,가로주택정비,정릉동 545-12번지 일대 가로주택정비사업,정릉동 545-12,조합설립인가,37.61654,126.99794
마포구,재개발(주택정비형),공덕8구역 주택정비형 재개발사업,공덕동 11-24,추진위원회승인,37.549927,126.9592897
중랑구,재개발(주택정비형),(임시)면목동69-14일대 주택재개발사업,면목동 69-14,정비계획 수립,37.58178,127.09034
양천구,재개발(주택정비형),신정동 1152번지 일대 주택정비형 재개발사업,신정동 1152-1,조합설립인가,37.5162407,126.8521196
영등포구,재건축,여의도 대교아파트 재건축정비사업,여의도동 41,사업시행인가,37.5267088,126.9238
영등포구,재개발(도시정비형),신길1재정비촉진구역 도시환경정비사업,신길동 147-80,정비계획 수립,37.5065214,126.9119108
영등포구,재개발(도시정비형),신길2구역 도심공공주택복합사업,신길동 205-136,정비구역지정,37.5065214,126.9119108
영등포구,재건축,문래국화아파트 주택재건축정비사업,문래동3가 76-1,추진위원회승인,37.51702,126.89591
서대문구,가로주택정비,홍은동322-1일원 가로주택정비사업,홍은동 322-1,사업시행인가,37.59296,126.93733
강북구,재개발(도시정비형),미아중심재정비촉진지구 강북3 재정비촉진구역,미아동 45-32,사업시행인가,37.628995,127.0257543
영등포구,재개발(도시정비형),대림역세권 장기전세주택사업(도시정비형 재개발),대림동 807-13,정비계획 수립,37.4957573,126.899936
영등포구,재개발(도시정비형),신길동96-24역세권 장기전세주택사업(도시정비형 재개발),신길동 96-24,정비계획 수립,37.5065214,126.9119108
영등포구,재개발(도시정비형),(가칭)대방역세권 도시환경정비사업 개발촉진위원회,신길동 1358,정비계획 수립,37.5065214,126.9119108
영등포구,가로주택정비,양평유성 가로주택정비사업,양평동6가 84,관리처분인가,37.5418285,126.890214
동작구,소규모재건축,대광연립 소규모주택재건축정비사업,상도동 211-447,관리처분인가,37.4988159,126.9441045
구로구,재개발(주택정비형),고척산업용품상가 시장정비사업,고척동 103-4,추진위원회승인,37.5032363,126.8588409
서대문구,재개발(도시정비형),홍은1구역 공공재개발사업,홍은동 48-163,사업시행인가,37.59296,126.93733
성북구,가로주택정비,종암동 3-745일대 가로주택정비사업조합,종암동 3-745,조합설립인가,37.59631,127.03333
송파구,지역주택,(가칭)가락1지역주택조합,가락동 39,,37.4960827,127.1211776
송파구,지역주택,(가칭)가락2지역주택조합,가락동 32,,37.4967138,127.1168639
송파구,지역주택,(가칭)거여역1지역주택조합,거여동 17-9,,37.48921,127.14667
송파구,지역주택,거여역2 지역주택조합,거여동 173-3,,37.48921,127.14667
송파구,지역주택,(가칭)거여파크 지역주택조합 추진위원회,거여동 6,지구단위계획수립/건축심의/교통심의,37.4952597,127.1414031
관악구,지역주택,(가칭)신대방역2단지 지역주택조합 추진위원회,신림동 475-83,조합원 모집신고,37.4868971,126.928177
성북구,재개발(주택정비형),종암8구역 주택정비형 재개발사업,종암동 3-10,추진위원회승인,37.59631,127.03333
성북구,가로주택정비,장위11의4구역 가로주택정비사업조합,장위동 66-146,조합설립인가,37.6160221,127.05025
도봉구,재개발(주택정비형),쌍문3구역 주택정비형재개발사업,쌍문동 724,조합설립인가,37.65347,127.02715
강북구,재개발(주택정비형),미아동 791-2882번지 일대 주택정비형 재개발사업,미아동 791-2882,정비계획 수립,37.6264941,127.0261091
은평구,가로주택정비,갈현동 이화연립일원 가로주택정비사업,갈현동 259-7,조합설립인가,37.62058,126.91102
중랑구,가로주택정비,면목역6구역 가로주택정비사업,면목동 86-19,조합설립인가,37.58178,127.09034
서초구,재건축,방배15 재건축정비사업조합,방배동 528-3,조합설립인가,37.4798789,126.9939103
강서구,가로주택정비,서울빌라 가로주택정비사업조합,방화동 584-1,사업시행인가,37.57682,126.81422
강서구,재개발(주택정비형),등촌649 소규모재개발정비사업조합,등촌동 649,조합설립인가,37.5498936,126.86025
금천구,재개발(주택정비형),독산동 1036번지 일대 주택정비형 재개발사업,독산동 1036,정비계획 수립,37.468399,126.8979571
금천구,재개발(주택정비형),독산동 1072번지 일대 주택정비형 재개발사업,독산동 1072,정비계획 수립,37.468399,126.8979571
중랑구,가로주택정비,면목역3의8구역 가로주택정비사업조합,면목동 156-1,조합설립인가,37.58178,127.09034
양천구,재건축,목동7단지아파트 재건축정비사업 조합설립추진위원회,목동 925,추진위원회승인,37.53608,126.87585
강동구,재건축,명일우성아파트 재건축정비사업,명일동 42,정비계획 수립,37.54841,127.15158
강북구,재개발(도시정비형),미아역세권 장기전세주택 도시정비형 재개발사업,미아동 121-1,정비계획 수립,37.628995,127.0257543
강북구,재개발(도시정비형),삼양역세권 장기전세주택 건립사업,수유동 58-9,정비계획 수립,37.6352212,127.0090642
송파구,리모델링,문정시영아파트 리모델링 주택조합,문정동 145,,37.4841019,127.1298065
양천구,재건축,목동6단지아파트 재건축정비사업조합,목동 911,조합설립인가,37.53608,126.87585
양천구,재개발(도시정비형),오목교역 역세권 활성화사업,신정동 86-45,정비계획 수립,37.5162407,126.8521196
송파구,재건축,풍납미성아파트 재건축정비사업,풍납동 219,추진위원회승인,37.53387,127.11094
강서구,가로주택정비,등촌2동 모아타운 제1-1구역 가로주택정비사업조합,등촌동 515-8,조합설립인가,37.5498936,126.86025
광진구,재개발(주택정비형),자양3동 227-147번지 일대 재개발사업,자양동 227-147,정비계획 수립,37.5316905,127.0749477
은평구,재개발(도시정비형),불광역세권(녹번동) 장기전세주택 건립사업,녹번동 125-1,정비계획 수립,37.6040879,126.9317233
구로구,재개발(주택정비형),가리봉2구역 주택정비형 재개발정비사업,가리봉동 87-177,추진위원회승인,37.4838745,126.8889756
종로구,재건축,금강하이츠빌라 주택재건축사업,평창동 64-3,안전진단,37.6159731,126.9676478
중랑구,가로주택정비,면목동 1-1번지 일원 가로주택정비사업,면목동 1-1,조합설립인가,37.58178,127.09034
양천구,재건축,목동5단지아파트 재건축정비사업,목동 912,조합설립인가,37.53608,126.87585
중랑구,재개발(도시정비형),면목역세권 도시정비형 재개발사업,면목동 542-7,정비계획 수립,37.58178,127.09034
중랑구,가로주택정비,면목역2의3구역 가로주택정비사업조합,면목동 141-35,조합설립인가,37.58178,127.09034
중랑구,재개발(주택정비형),면목8구역 민간재개발정비사업,면목동 172-1,추진위원회승인,37.58178,127.09034
동작구,지역주택,신대방삼거리역지역주택조합 추진위원회,대방동 391-63,조합원 모집신고,37.5067997,126.9291349
영등포구,재건축,신길건영아파트 재건축정비사업,신길동 364,추진위원회승인,37.5065214,126.9119108
성북구,재개발(주택정비형),장위9구역 공공재개발사업,장위동 238-83,조합설립인가,37.6162,127.05086
양천구,재건축,목동12단지아파트 재건축정비사업,신정동 326,추진위원회승인,37.5162407,126.8521196
영등포구,재개발(도시정비형),영등포 도심 역세권 도시정비형 재개발사업,영등포동4가 431-6,조합설립인가,37.51777,126.90368
용산구,가로주택정비,원효로4가 30-1 일원 가로주택정비사업,원효로4가 30-1,조합설립인가,37.53211,126.95127
도봉구,가로주택정비,창동 신건영빌리지 일대 가로주택정비사업조합,창동 715-25,조합설립인가,37.64643,127.04326
동대문구,재건축,청량리미주아파트 주택재건축정비사업,청량리동 235-1,조합설립인가,37.5882073,127.0462518
구로구,재개발(주택정비형),고척동 253번지 일대 주택재개발정비사업,고척동 253,추진위원회승인,37.5032363,126.8588409
강동구,재건축,상일동 빌라단지 통합 재건축,상일동 174,안전진단,37.55073,127.1704
강동구,재개발(주택정비형),고덕강일1역세권 재개발사업,고덕동 294,정비계획 수립,37.56528,127.15761
양천구,재건축,목동10단지아파트 재건축정비사업,신정동 311,조합설립인가,37.5162407,126.8521196
서대문구,재개발(주택정비형),충정로1구역 주택정비형 공공재개발사업,충정로3가 281-11,조합설립인가,37.5618374,126.9616577
양천구,재건축,목동9단지아파트 재건축정비사업,신정동 312,조합설립인가,37.5162407,126.8521196
중랑구,가로주택정비,원당아파트 가로주택정비사업조합,신내동 613-52,조합설립인가,37.61182,127.09298
양천구,재건축,목동3단지아파트 재건축정비사업,목동 903,추진위원회승인,37.53608,126.87585
송파구,재건축,올림픽훼밀리타운 재건축정비사업 조합설립추진위원회,문정동 150,추진위원회승인,37.4841186,127.1303442
송파구,재건축,한양1차아파트 재건축정비사업,송파동 119,추진위원회승인,37.50479,127.11369
동작구,지역주택,(가칭)보라매센트럴 지역주택조합,신대방동 360-72,,37.4955756,126.9195788
마포구,재건축,성산시영아파트 재건축정비사업조합,성산동 446,조합설립인가,37.56775,126.90263
중랑구,가로주택정비,중화역2의4구역 가로주택정비사업,중화동 313-24,조합설립인가,37.59755,127.07783
양천구,재건축,목동1단지 아파트 재건축 정비사업,목동 901,조합설립인가,37.53608,126.87585
양천구,재건축,목동4단지아파트 재건축정비사업,목동 904,추진위원회승인,37.53608,126.87585
서대문구,재개발(주택정비형),홍제4 주택정비형 재개발 정비구역,홍제동 267-1,추진위원회승인,37.5871,126.94676
은평구,재개발(주택정비형),응암동 700번지 일대 주택정비형 재개발사업,응암동 700,추진위원회승인,37.59418,126.92555
강동구,재건축,성내 현대아파트 재건축 정비사업,성내동 30-2,안전진단,37.52998,127.12875
동작구,재개발(주택정비형),상도14구역 주택정비형 재개발사업,상도동 244,조합설립인가,37.4988159,126.9441045
성북구,재개발(주택정비형),정릉골구역 주택재개발정비사업조합,정릉동 757,관리처분인가,37.61654,126.99794
강서구,가로주택정비,화곡1동 354 일대 모아타운 A2-4구역 가로주택정비사업조합,화곡동 354-79,조합설립인가,37.54208,126.84656
강북구,재개발(주택정비형),미아제3구역 주택재개발정비사업조합,미아동 791-364,분양,37.6220808,127.0209076
성북구,가로주택정비,정를동 223-1번지 일대 가로주택정비사업 조합,정릉동 223-1,조합설립인가,37.61654,126.99794
서대문구,재개발(도시정비형),홍제역 역세권활성화 사업,홍제동 298-9,사업시행인가,37.5871,126.94676
종로구,재개발(도시정비형),숭인동725번지 일원 역세권 장기전세주택 도시정비형 재개발정비사업,숭인동 725,정비계획 수립,37.57648,127.01848
양천구,재건축,목동11단지아파트 재건축정비사업,신정동 325,조합설립인가,37.5162407,126.8521196
강남구,재건축,논현동현아파트 재건축정비사업,논현동 105,정비구역지정,37.5123018,127.0294935
강서구,가로주택정비,등촌2동 모아타운 제1-3구역 가로주택정비사업조합,등촌동 515-44,조합설립인가,37.5498936,126.86025
송파구,재건축,가락우성1차아파트 재건축정비사업 조합설립추진위원회,가락동 96-1,추진위원회승인,37.49672,127.11744
마포구,가로주택정비,중동78번지일원 가로주택정비사업,중동 78,조합설립인가,37.57191,126.90557
송파구,가로주택정비,풍납강변현대아파트 가로주택정비사업,풍납동 299-1,조합설립인가,37.53387,127.11094
송파구,재건축,가락우창아파트 재건축정비사업,오금동 164,추진위원회승인,37.50355,127.13379
강동구,가로주택정비,천호동110번지 일대 가로주택정비사업,천호동 110,조합설립인가,37.54294,127.12733
금천구,재개발(주택정비형),독산2구역 주택정비형 재개발사업,독산동 1072,추진위원회승인,37.468399,126.8979571
성북구,가로주택정비,종암동 125-1번지 일대 LH참여형 가로주택정비사업 조합,종암동 125-1,조합설립인가,37.59631,127.03333
중구,재개발(도시정비형),세운재정비촉진지구 6-1-3구역 도시정비형재개발사업,인현동1가 31,추진위원회승인,37.56418,126.99393
은평구,재개발(주택정비형),신사동200번지 일대 주택정비형 재개발사업,신사동 200,정비구역지정,37.59547,126.90718
은평구,재개발(주택정비형),응암동 675번지 일대,응암동 675,정비계획 수립,37.59418,126.92555
광진구,재건축,워커힐아파트1단지 재건축정비사업 조합설립추진위원회,광장동 145-8,추진위원회승인,37.54711,127.10414
마포구,가로주택정비,성산동 200-323일대 가로주택정비사업,성산동 200-323,조합설립인가,37.56775,126.90263
강남구,재건축,가람아파트 재건축정비사업,일원동 735,안전진단,37.48754,127.08705
강북구,재개발(도시정비형),미아역세권 장기전세주택 도시정비형 재개발사업,미아동 121-1,정비계획 수립,37.628995,127.0257543
중랑구,가로주택정비,중화역3의3구역 가로주택정비사업,중화동 299-129,조합설립인가,37.59755,127.07783
은평구,가로주택정비,대조동 A3구역 가로주택정비사업,대조동 91-100,조합설립인가,37.61261,126.9227835
서대문구,가로주택정비,천연동 89-16번지 일대 소규모주택정비 관리지역(모아타운) 가로주택정비사업,천연동 89-16,사업시행인가,37.5682303,126.9605136
중랑구,가로주택정비,면목역6의3구역 가로주택정비사업,면목동 66-28,조합설립인가,37.58178,127.09034
강남구,소규모재건축,청담현대1차아파트 소규모재건축정비사업,청담동 95-1,조합설립인가,37.5257535,127.0523217
중랑구,재개발(주택정비형),(임시)면목동 174-1 일대 민간재개발사업,면목동 174-1,정비계획 수립,37.58178,127.09034
광진구,재건축,광장극동아파트 재건축사업 (신속통합기획),광장동 218-1,정비계획 수립,37.54711,127.10414
은평구,재개발(주택정비형),응암동 755번지 일대 주택정비형 재개발사업,응암동 755,정비구역지정,37.59418,126.92555
은평구,재개발(주택정비형),갈현제1구역 주택재개발정비사업조합,갈현동 300,착공,37.62058,126.91102
양천구,재건축,목동2단지아파트 재건축정비사업,목동 902,조합설립인가,37.53608,126.87585
양천구,재건축,목동8단지아파트 재건축정비사업,신정동 314,추진위원회승인,37.5162407,126.8521196
동대문구,재개발(도시정비형),신설동역세권 장기전세주택 도시정비형 재개발사업,신설동 91-1,추진위원회승인,37.573478,127.0257068
구로구,재건축,구로우성아파트 재건축정비사업,구로동 23,조합설립인가,37.4899827,126.883896
성동구,재개발(주택정비형),금호21구역 주택재개발정비사업,금호동3가 1,조합설립인가,37.5488842,127.0174652
성북구,재개발(주택정비형),장위3구역 주택재개발정비사업 조합,장위동 350,추진위원회승인,37.6162,127.05086
강남구,재건축,개포우성4차아파트 주택재건축정비사업조합,도곡동 465,조합설립인가,37.4878395,127.0438569
마포구,가로주택정비,합정동 447일원 가로주택정비사업,합정동 447-2,사업시행인가,37.5477846,126.9095636
강동구,재건축,명일 한양아파트 재건축정비사업,명일동 54,안전진단,37.54841,127.15158
강북구,재개발(주택정비형),미아동 345-1번지 일대 주택정비형 재개발사업,미아동 345-1,정비계획 수립,37.628995,127.0257543
강서구,가로주택정비,화곡1동 354 일대 모아타운 A2-2구역 가로주택정비사업조합,화곡동 354-54,조합설립인가,37.54208,126.84656
영등포구,지역주택,(가칭)대림3지역주택조합,대림동 501-5,,37.4957573,126.899936
양천구,가로주택정비,현대빌라 일원 가로주택정비사업,신월동 49-7,추진위원회승인,37.52782,126.83692
영등포구,지역주택,(가칭)대림동지역주택조합 추진위원회,대림동 990-7,추진위구성,37.4957573,126.899936
